age,income,credit_score,years_employed,debt_to_income_ratio,education,employment_type,marital_status,loan_approved
56,77447.55593094493,541,3.0,0.19516651721865041,Bachelor,Part-time,Divorced,0
69,36444.27814013231,531,30.0,0.4893925374065887,High School,Unemployed,Single,0
46,73070.63744015737,583,27.0,0.7416414518360422,PhD,Self-employed,Single,0
32,42499.78743260372,499,10.0,0.4925690707532976,Bachelor,Full-time,Married,0
60,36117.08092985012,378,0.0,0.4831808633136685,PhD,Full-time,Divorced,0
25,52197.20146086498,472,37.0,0.8382304210818006,Bachelor,Full-time,Divorced,1
78,56849.13836015029,766,,0.36140377906718635,Master,Self-employed,Married,1
38,88230.59213018857,715,30.0,0.8597946748116456,Master,Part-time,Single,1
56,,748,25.0,0.40680480095172356,Bachelor,Full-time,Married,1
75,53865.56123698772,386,4.0,0.3282331056783394,PhD,Full-time,Married,0
36,81922.85887803267,400,19.0,0.453989911199699,Bachelor,Full-time,Married,1
40,62021.07888423073,307,10.0,0.7624469586748684,High School,Full-time,Single,0
28,37114.49639664104,499,32.0,0.12600202786399428,Bachelor,Self-employed,Single,0
28,77119.40770616384,804,37.0,0.19641921587201738,Master,Part-time,Married,1
41,35207.62461141295,386,26.0,0.951444825663092,Bachelor,Full-time,Married,1
70,37015.05443332581,342,33.0,0.17549162738135737,High School,Full-time,Single,0
53,33029.58601224173,684,14.0,0.5677273179310546,Bachelor,Full-time,Single,0
57,,734,31.0,0.5793144666619379,Bachelor,Unemployed,Divorced,0
41,56663.465896796486,707,,0.4896244620502448,Bachelor,Full-time,Married,1
20,44841.95670912914,782,4.0,0.6447452485768186,Bachelor,Full-time,Single,0
39,-19563.384272731128,316,5.0,0.22982672579761843,Master,Full-time,Single,1
70,44634.73876100974,447,37.0,0.5526622677767482,High School,Part-time,Single,1
19,39641.75488388731,576,21.0,0.37217325524689715,Bachelor,Part-time,Divorced,0
41,67856.5072859771,531,17.0,0.661667259629189,High School,Part-time,Married,1
61,38734.827770792734,665,13.0,0.14122354337314946,High School,Full-time,Married,0
47,100785.15582421786,527,9.0,0.5708774168394762,Master,Full-time,Married,1
55,77935.87157540486,735,12.0,0.1852703553833237,PhD,Full-time,Single,1
19,42201.79217980444,698,30.0,0.2786430631150364,Bachelor,Part-time,Married,0
77,72992.46157666165,510,29.0,0.21870980032358323,Master,Full-time,Married,1
38,60504.234253818955,690,2.0,0.1828377798688171,Master,Full-time,Single,1
50,,798,29.0,0.825710951560667,Master,Self-employed,Single,1
29,66053.0451121486,839,5.0,0.28570756766089034,High School,Self-employed,Married,1
75,51081.41748520973,790,28.0,0.9271237818644493,PhD,Full-time,Divorced,1
39,54807.02312154955,741,7.0,0.9699265253451909,Bachelor,Full-time,Single,1
78,66467.0503255793,560,32.0,0.5712604699370973,Bachelor,Full-time,Divorced,1
61,91049.0548349098,649,16.0,0.1430011226657264,High School,Part-time,Married,1
42,55023.899444393486,651,10.0,0.37454824337958126,Bachelor,Self-employed,Single,0
66,,819,12.0,0.797732263348214,High School,Full-time,Single,1
44,,619,10.0,0.36739072869707046,High School,Full-time,Single,1
76,89226.06943927276,437,30.0,0.08701721830278875,Bachelor,Self-employed,Married,1
59,44735.1657485608,849,27.0,0.5567849109281879,Master,Self-employed,Single,1
45,60696.18580162534,667,5.0,0.8451208514960348,Master,Full-time,Single,0
77,88118.14473853988,519,15.0,0.7959263871435024,Bachelor,Full-time,Married,0
33,54552.04641860983,636,3.0,0.17512314013035324,Master,Full-time,Married,1
32,46106.59476245041,522,34.0,0.6727646144124667,Master,Full-time,Single,0
79,78393.45955087489,659,25.0,0.2205042634356471,Master,Self-employed,Married,1
79,59214.74135127839,628,11.0,0.21820753455217223,High School,Self-employed,Married,1
64,61722.11209446801,762,10.0,0.8740717733051852,Bachelor,Part-time,Married,1
79,19536.782590564784,681,36.0,0.24966895274023015,PhD,Full-time,Married,1
68,,468,24.0,0.2632473465180112,Bachelor,Self-employed,Single,0
61,57511.76135983291,516,17.0,0.0006533907612995549,Bachelor,Full-time,Married,0
72,22568.212405537517,677,18.0,0.8706690341255177,Bachelor,Full-time,Married,0
69,59701.8822322655,418,22.0,0.7925948132091347,Bachelor,Full-time,Married,0
74,8749.486521765011,489,37.0,0.627328935090678,Bachelor,Full-time,Married,0
20,96839.50405025991,669,17.0,0.7502657639388423,High School,Part-time,Married,1
54,27962.904000364786,448,25.0,0.1520485674244918,Bachelor,Full-time,Single,0
68,82235.85531436872,787,5.0,0.45832359458757543,Master,Full-time,Married,1
24,33740.889037626934,673,3.0,0.3512193873487809,Master,Full-time,Married,0
38,,459,28.0,0.09377652625701649,High School,Full-time,Married,0
26,31757.434867810025,650,33.0,0.4861304852149241,PhD,Full-time,Single,1
56,69942.30443795641,587,16.0,0.9207396503426354,Bachelor,Full-time,Divorced,1
35,45293.62516185496,587,15.0,0.04005911905069448,Bachelor,Self-employed,Married,0
21,59355.590924154196,525,1.0,0.2914609134937939,Master,Full-time,Single,1
42,50301.28763157989,822,33.0,0.20754093620570346,Master,Full-time,Married,1
77,22686.704270326885,821,7.0,0.23814665366569632,PhD,Full-time,Married,1
31,60082.13719381068,572,12.0,0.9084345518793753,Bachelor,Self-employed,Married,1
67,39935.25028668504,701,7.0,0.4680690542342901,Master,Full-time,Married,1
75,70906.25586015222,482,29.0,0.4662994129398188,High School,Full-time,Divorced,1
26,45282.80383698646,787,31.0,0.7605756424552823,Master,Full-time,Single,1
43,48464.72181943336,423,35.0,0.1544922040049258,Master,Full-time,Married,0
70,83658.52928745873,713,29.0,0.4872653541000508,Bachelor,Full-time,Divorced,1
19,97632.735890159,471,0.0,0.4299852141210597,High School,Part-time,Divorced,1
37,65720.67911424166,587,38.0,0.5969106905466561,Master,Part-time,Married,1
45,44257.198051532294,734,16.0,0.9995577032504386,High School,Full-time,Divorced,1
64,42506.77343287712,412,19.0,0.7694488940820471,High School,Part-time,Single,1
77,33626.4602936284,421,23.0,0.3978657030174272,Master,Part-time,Divorced,1
24,37495.23632892887,843,21.0,0.827553052274047,Bachelor,Full-time,Single,1
61,44527.805129920634,521,28.0,0.17070836331248018,Master,Full-time,Single,0
78,89285.059339898,338,21.0,0.030463686308960125,Bachelor,Full-time,Single,0
25,46055.566582929525,796,8.0,0.20444837246427305,High School,Full-time,Married,0
64,25478.939916037947,532,36.0,0.34041155611425966,Master,Part-time,Single,0
52,50833.30534250766,829,9.0,0.5105807574595599,Bachelor,Self-employed,Single,0
31,53562.56851522129,448,35.0,0.6151291405411998,High School,Unemployed,Single,0
34,50712.70919700912,696,36.0,0.9106057172144217,Master,Part-time,Single,0
53,65993.82445170415,601,,0.5098540095504577,Bachelor,Full-time,Married,1
67,51380.11022718067,659,27.0,0.5012756446257294,Bachelor,Full-time,Married,0
57,65374.54984294658,537,20.0,0.05024300982298213,Bachelor,Self-employed,Single,0
21,34393.132918845695,535,23.0,0.03491155265622381,Master,Full-time,Married,1
19,85614.58876290446,502,,0.5511599619163721,Master,Part-time,Divorced,1
79,55049.5957668717,555,1.0,0.4381786132483445,Master,Part-time,Married,1
23,,534,7.0,0.8391803949802986,High School,Part-time,Single,0
71,34309.76212373395,644,26.0,0.16067958471184518,Master,Self-employed,Married,0
59,59436.53982532792,833,21.0,0.024971662117049598,Bachelor,Full-time,Single,0
21,,765,36.0,0.44903876793012587,Bachelor,Part-time,Single,1
71,26604.6313234982,840,26.0,0.23747855675225749,Bachelor,Self-employed,Single,0
46,16818.168232246866,512,28.0,0.04961437333883745,Master,Full-time,Married,1
35,55873.32047218931,762,2.0,0.724598286847629,Master,Part-time,Single,0
43,40224.60353088935,735,,0.11159299995724747,High School,Full-time,Single,1
61,55198.42938271459,582,9.0,0.6083195000077717,Bachelor,Unemployed,Single,0
51,24179.2785820377,762,35.0,0.28104975016688916,Master,Full-time,Divorced,1
27,18789.881712346585,706,8.0,0.17349605035502202,High School,Full-time,Married,0
79,54133.78926002154,387,26.0,0.37975152291931746,PhD,Full-time,Single,0
53,43004.32478086295,343,33.0,0.8014457762229537,Bachelor,Part-time,Married,1
31,7786.009576996431,760,0.0,0.3920935769045727,Bachelor,Full-time,Married,1
48,76861.9763621546,577,31.0,0.7507696492110557,High School,Full-time,Married,0
65,23846.858636324854,720,24.0,0.1254862967991507,High School,Full-time,Single,1
32,101466.49904220864,652,28.0,0.7727714196650791,PhD,Self-employed,Divorced,1
25,37519.66542222843,814,6.0,0.23693332490664865,High School,Full-time,Single,1
31,58031.21136251997,318,2.0,0.6773931298888728,Master,Full-time,Married,1
40,82938.9802077437,322,19.0,0.5657815548409963,Bachelor,Part-time,Single,0
77,79588.6785565765,712,19.0,0.9291447172116873,High School,Full-time,Single,1
74,89722.72812453765,329,29.0,0.38732251797531403,High School,Self-employed,Single,1
79,19538.475222392935,407,34.0,0.06616518883444045,Bachelor,Full-time,Married,1
57,27282.690049855057,666,34.0,0.019155485551252904,PhD,Part-time,Single,0
38,54519.9454818806,580,38.0,0.8268585609727531,Bachelor,Full-time,Married,1
33,66794.94875795428,427,26.0,0.5247356376614322,Bachelor,Full-time,Single,0
62,49775.45113240724,528,25.0,0.7752440518349493,Bachelor,Part-time,Married,1
35,17240.119285732224,410,13.0,0.2344256000115147,Bachelor,Full-time,Married,0
64,59931.56317929598,435,16.0,0.34508374551323373,Bachelor,Part-time,Married,0
70,46114.97223531931,661,17.0,0.03010387221131894,Master,Full-time,Married,0
41,45875.22082088267,485,28.0,0.9614923245741122,Bachelor,Full-time,Married,0
43,,428,19.0,0.6678679067008134,Bachelor,Full-time,Single,0
42,65949.68408956629,560,,0.9332050877593062,High School,Unemployed,Married,1
77,52904.08120570917,814,17.0,0.2654964074290723,PhD,Full-time,Single,1
77,85903.29113277927,748,3.0,0.6114636112256608,High School,Full-time,Married,0
77,48509.84706937655,403,0.0,0.6784999682926378,High School,Full-time,Married,0
62,61326.802610380444,782,0.0,0.31754970025758844,Bachelor,Full-time,Single,1
58,66636.36352210525,523,25.0,0.8481092350156301,Bachelor,Full-time,Single,1
46,,790,19.0,0.9471614629002478,Bachelor,Self-employed,Married,1
32,102333.99893203187,772,22.0,0.8848551176960043,Bachelor,Full-time,Married,1
62,41384.152241547665,309,9.0,0.7390669759393725,Master,Self-employed,Divorced,0
18,59891.332042849695,704,10.0,0.27746467972495403,High School,Full-time,Married,0
42,62811.64013898303,601,4.0,0.28161604210563174,Master,Part-time,Married,1
24,33704.31744019405,530,0.0,0.9633603204460379,Bachelor,Self-employed,Divorced,0
26,86939.60662895205,365,16.0,0.010284495935692028,Bachelor,Full-time,Single,1
41,55319.105387088646,411,,0.7160499732421445,Bachelor,Unemployed,Single,1
18,45730.547261853324,312,33.0,0.7062461625552622,High School,Full-time,Married,1
61,52770.15924776885,692,28.0,0.6226895409497974,Master,Self-employed,Married,1
25,,799,3.0,0.9901088460868658,Bachelor,Part-time,Divorced,1
41,50215.963296194,533,4.0,0.31187943576372523,Bachelor,Full-time,Married,0
28,67638.59820766479,613,10.0,0.3399718637932482,Bachelor,Full-time,Single,1
68,16302.557220645214,311,20.0,0.07893940294655555,PhD,Full-time,Married,0
34,35040.600203470196,508,34.0,0.44279813654373745,Bachelor,Full-time,Single,0
25,7223.993703813702,313,11.0,0.2610485262348481,PhD,Full-time,Single,0
52,89940.16313685892,717,25.0,0.3433867021776442,Bachelor,Full-time,Married,1
52,89679.84255369869,736,18.0,0.8345717902556277,High School,Full-time,Single,0
50,62532.321350659695,676,6.0,0.9354845135274957,High School,Part-time,Married,1
76,29747.63858173937,319,6.0,0.18573307200518563,Bachelor,Full-time,Married,0
22,97797.56544436648,369,25.0,0.37250893155346587,High School,Full-time,Married,0
59,37911.71043736576,510,39.0,0.9286305621153941,High School,Part-time,Single,1
56,45735.85746189672,400,4.0,0.06180846068922263,PhD,Full-time,Single,1
75,53190.66811461445,431,20.0,0.09236052811137851,Master,Full-time,Single,1
58,,680,13.0,0.16279098920622936,Master,Full-time,Divorced,0
45,62876.052034086366,431,3.0,0.5952128341268748,High School,Self-employed,Married,0
24,63679.23274948902,319,22.0,0.15047227100599747,High School,Self-employed,Married,1
26,47109.51829292191,835,19.0,0.9680763814507335,High School,Full-time,Single,1
25,63362.019035134246,526,14.0,0.44671452725852034,Master,Part-time,Divorced,1
29,46215.846810086456,453,28.0,0.5015179603501664,PhD,Full-time,Single,0
51,61586.06873744441,768,7.0,0.2466586158054065,Bachelor,Part-time,Single,1
50,59945.8355566155,704,18.0,0.4709602524347335,High School,Part-time,Married,0
65,65256.94581596242,501,38.0,0.6619136326370115,Bachelor,Part-time,Divorced,0
72,62759.33398041931,337,27.0,0.7511771369540428,Bachelor,Full-time,Single,1
40,41151.352501774054,487,26.0,0.753868082709913,Bachelor,Full-time,Single,0
79,59174.203431180256,356,3.0,0.5778911126940883,Bachelor,Full-time,Divorced,1
41,63067.994758297726,319,14.0,0.9043597749938572,Master,Self-employed,Single,1
54,24177.51222102588,572,34.0,0.8174078473061094,High School,Full-time,Single,1
52,44519.11285537941,418,,0.7570481146986254,High School,Self-employed,Married,0
61,62162.27782436667,815,0.0,0.05560552168046062,PhD,Unemployed,Divorced,1
57,84185.84989459244,520,2.0,0.006877962219649314,High School,Full-time,Married,1
39,66498.00372257468,825,23.0,0.21244727719547296,High School,Part-time,Divorced,1
44,85447.55973955191,814,26.0,0.6635235939134523,High School,Part-time,Married,1
52,42032.53219646103,635,39.0,0.4111974888825458,High School,Unemployed,Single,0
18,55003.80984495286,354,35.0,0.40240625929931173,Bachelor,Unemployed,Divorced,1
52,66114.70599052237,799,33.0,0.8845868882296137,Master,Part-time,Married,1
54,3472.9657300044623,835,28.0,0.8955628481318387,Bachelor,Full-time,Single,1
64,80216.06436229052,461,23.0,0.9091752640535857,Bachelor,Part-time,Married,0
31,,458,23.0,0.3138780765150273,Bachelor,Full-time,Single,1
20,69938.80136556806,487,3.0,0.6910558127392618,Bachelor,Part-time,Single,1
18,63736.635810852924,359,2.0,0.27163318127436964,Master,Self-employed,Single,1
22,3208.1399497022735,618,33.0,0.19060983307444979,Master,Full-time,Married,0
43,4218.774861340054,510,22.0,0.18463245734736922,High School,Part-time,Married,1
72,78649.63834905012,705,22.0,0.34210762086359403,Master,Full-time,Married,1
31,74294.44119373096,408,4.0,0.4299576197798217,Bachelor,Full-time,Divorced,0
56,,375,,0.8309491710550684,PhD,Full-time,Single,1
44,32362.422099118714,841,5.0,0.1198910934727121,Bachelor,Part-time,Single,0
26,60252.099447524415,613,36.0,0.7349258473948942,PhD,Self-employed,Single,1
32,49745.11699023264,416,9.0,0.5314549141893053,Master,Self-employed,Single,1
32,71087.90431698228,318,39.0,0.2879453426759925,High School,Full-time,Single,0
43,59591.618488661734,731,6.0,0.4928195845328246,Bachelor,Self-employed,Married,0
59,,649,38.0,0.29994206977702265,PhD,Part-time,Divorced,1
77,69401.55555827453,482,37.0,0.596081955238306,Master,Full-time,Divorced,1
30,64415.46098281155,412,20.0,0.4338439228552442,High School,Full-time,Single,1
68,42957.50559392652,482,19.0,0.16440552907887873,Master,Full-time,Divorced,1
49,41493.575316763105,780,2.0,0.11658307455569672,Bachelor,Self-employed,Single,0
56,48964.82030589398,445,21.0,0.5466956820721302,High School,Part-time,Single,0
66,86818.86139874416,412,3.0,0.9024130332861034,Bachelor,Part-time,Divorced,0
69,41874.505412204315,775,27.0,0.34395768655768555,High School,Full-time,Married,1
78,55210.579741480324,602,11.0,0.7330001072226232,Master,Part-time,Single,1
49,5103.941845853815,417,37.0,0.658661354939767,Bachelor,Full-time,Married,1
21,63516.17460088161,460,35.0,0.931554914309481,Master,Full-time,Single,1
47,95143.96562186278,700,4.0,0.8209810172991409,High School,Part-time,Married,1
54,31327.237814741504,497,12.0,0.566605258905463,Bachelor,Full-time,Married,0
40,113488.84274253517,559,22.0,0.6570304982341073,High School,Self-employed,Divorced,0
56,53644.81209313307,346,29.0,0.8983864665840349,High School,Full-time,Single,0
62,-1458.624827686883,698,36.0,0.3995187845869348,High School,Part-time,Single,1
32,42289.23520064178,377,24.0,0.32679470585777737,High School,Full-time,Married,1
60,76608.77126538166,423,26.0,0.010811083635196339,Bachelor,Full-time,Married,0
46,89986.34412499607,374,13.0,0.8265510741914642,High School,Full-time,Single,1
53,64361.97096503367,436,35.0,0.8009807004033649,Bachelor,Full-time,Married,0
30,81351.88841757935,699,38.0,0.10445451810015138,Bachelor,Self-employed,Divorced,1
49,,804,15.0,0.5768573811327002,Master,Full-time,Divorced,1
24,36394.76825612184,799,21.0,0.4639816981668874,PhD,Self-employed,Married,0
76,16410.81435996419,437,20.0,0.11870909550911146,Bachelor,Unemployed,Divorced,1
68,37898.738480161934,349,20.0,0.9805682270607236,Bachelor,Full-time,Married,0
39,65238.37972871333,553,7.0,0.21469588746335544,High School,Full-time,Married,1
45,54253.11524766038,725,15.0,0.06723418009056115,PhD,Part-time,Single,1
19,67356.98073326364,846,30.0,0.5948473795019096,High School,Unemployed,Single,1
59,31269.719650065264,601,9.0,0.7388666771330327,High School,Self-employed,Single,0
62,32489.499463762666,648,31.0,0.03244344604718696,High School,Full-time,Married,0
79,54092.204190498254,348,33.0,0.6587176387270222,Bachelor,Part-time,Single,1
74,37947.04389389369,373,8.0,0.5322918759514544,High School,Full-time,Divorced,0
70,76036.9833632019,560,16.0,0.10326500887504841,Master,Unemployed,Single,1
23,37451.62231245046,655,10.0,0.17252387694636206,High School,Unemployed,Single,1
45,40092.21514137506,559,31.0,0.5679742973160805,Bachelor,Full-time,Married,1
45,58376.78827736974,594,9.0,0.2963576135132884,High School,Full-time,Single,1
61,42214.236165450144,612,,0.9383157286513161,High School,Full-time,Single,1
61,25301.11212925173,481,16.0,0.8187402294840508,PhD,Full-time,Single,0
37,28012.883503358225,663,3.0,0.983567206513663,High School,Self-employed,Married,0
47,60755.31916813911,487,24.0,0.259670838950414,Master,Full-time,Married,1
79,22825.769708758795,842,20.0,0.969723632797977,Bachelor,Full-time,Married,1
28,77943.28855097623,847,36.0,0.43123386979155787,High School,Full-time,Married,1
75,36192.014313965,707,37.0,0.3475187953137546,PhD,Unemployed,Married,0
72,62324.31633936121,713,0.0,0.05034952696935324,High School,Part-time,Single,1
45,37391.74751940732,641,24.0,0.05276525785960262,Master,Full-time,Single,1
42,31695.172400072697,519,35.0,0.6920112559466547,High School,Full-time,Married,1
56,54922.07364580364,462,16.0,0.4579289944340279,Master,Unemployed,Single,1
79,71035.669340318,519,23.0,0.2265216260361057,High School,Self-employed,Single,1
50,45052.64498279791,569,1.0,0.6139703063252326,Bachelor,Full-time,Married,0
18,48690.4529248508,699,39.0,0.2528581182501112,Master,Full-time,Married,1
74,66148.34722165602,481,14.0,0.5776317543444226,PhD,Full-time,Single,1
44,66810.54500503113,504,31.0,0.35920874698269034,PhD,Full-time,Single,1
79,49230.16559960518,527,38.0,0.823552226611819,Master,Full-time,Divorced,0
74,41130.40215029423,549,,0.8206961607667793,Master,Self-employed,Divorced,0
69,51653.11918890064,740,0.0,0.4773503981224013,High School,Full-time,Married,0
30,46181.77017223315,832,22.0,0.3508191093350156,High School,Self-employed,Married,1
58,56259.483036337035,495,38.0,0.36255979655909454,High School,Full-time,Married,1
20,26114.591463084947,818,16.0,0.8057145256682179,Bachelor,Part-time,Divorced,1
56,55543.63158717493,369,33.0,0.328179482797612,Bachelor,Part-time,Divorced,0
23,35633.93167658502,698,28.0,0.20905937370684602,Bachelor,Full-time,Single,1
25,68117.75222981007,502,8.0,0.08468834187530683,High School,Full-time,Married,0
44,36550.64301258969,447,12.0,0.4666931208844084,Bachelor,Part-time,Single,0
26,36897.80465618135,771,5.0,0.4821320989198419,High School,Full-time,Single,1
79,58907.97648823481,498,5.0,0.8409087104029072,Bachelor,Full-time,Married,0
54,50284.23777632394,725,19.0,0.22123869644606398,Bachelor,Full-time,Married,1
50,95533.03252797674,791,2.0,0.3809912736683999,Master,Unemployed,Divorced,1
68,17413.947788914953,441,16.0,0.8084057388936909,Master,Full-time,Single,1
59,52197.05893909489,612,11.0,0.8236236107489735,Bachelor,Self-employed,Married,1
61,72592.98969944741,464,0.0,0.3846110759787682,High School,Full-time,Divorced,0
41,38433.72154145398,613,16.0,0.4591240232866809,Bachelor,Part-time,Divorced,1
32,31788.8431052024,320,2.0,0.3032858908492829,High School,Full-time,Single,0
76,32582.70704707343,381,25.0,0.9325548784193121,Bachelor,Self-employed,Single,0
71,17760.77640699831,430,14.0,0.11864376574158031,Bachelor,Full-time,Married,0
49,76994.0925462139,604,35.0,0.93374942300147,High School,Part-time,Single,1
49,43407.65316387184,670,31.0,0.6838664518353432,High School,Part-time,Divorced,0
41,41039.45720399539,683,31.0,0.5315721526867312,PhD,Full-time,Divorced,0
58,7518.038513396527,744,3.0,0.032659060784495875,PhD,Full-time,Single,1
69,21325.828550762304,724,17.0,0.4755961918220083,Bachelor,Full-time,Single,1
66,79307.79511038188,460,18.0,0.4077481050027323,High School,Full-time,Single,1
79,56062.11332201157,477,34.0,0.16121881197512256,High School,Self-employed,Divorced,0
66,73330.01659850212,789,39.0,0.6564096035006569,Bachelor,Full-time,Single,1
75,70799.8487965966,626,13.0,0.9711509073682858,PhD,Full-time,Married,0
69,29987.59438854119,588,32.0,0.5621888110645251,High School,Part-time,Married,0
29,98596.95457307938,653,13.0,0.7147532764439458,Master,Full-time,Married,1
79,88994.6519120246,327,33.0,0.06845045256601678,High School,Full-time,Single,1
56,38724.6711575393,342,3.0,0.41766699581699473,PhD,Full-time,Single,1
19,,722,23.0,0.11635848516449587,Bachelor,Unemployed,Divorced,1
20,42869.35820111847,476,28.0,0.6127958355365104,Master,Self-employed,Divorced,0
66,54765.92524242897,828,18.0,0.9384821582141546,Bachelor,Self-employed,Married,1
54,38645.61930448619,793,5.0,0.6617777324716385,Bachelor,Full-time,Single,1
66,45569.55806630566,497,32.0,0.07680304831442153,High School,Part-time,Single,1
73,33426.839273244106,816,39.0,0.35466620498508283,High School,Full-time,Married,1
34,68432.69436707695,813,18.0,0.5506633794408515,PhD,Full-time,Single,1
76,51272.664807371104,321,0.0,0.4032077561332522,PhD,Full-time,Divorced,1
66,69030.28125885908,411,4.0,0.8336440104751723,Master,Full-time,Married,1
19,74444.06692415875,356,26.0,0.8146710047099892,Bachelor,Full-time,Single,1
19,6513.528718267052,365,15.0,0.6118310201032214,Master,Full-time,Divorced,1
45,34589.55578331794,397,5.0,0.37345794513270525,High School,Full-time,Divorced,1
71,37519.41412718913,443,39.0,0.25533637376324414,Bachelor,Full-time,Single,0
40,101427.44719377566,734,12.0,0.10587431821312931,Bachelor,Part-time,Married,1
54,52980.107338006484,385,34.0,0.35489768348655404,Bachelor,Full-time,Single,0
49,,643,18.0,0.4131725172077195,Bachelor,Part-time,Single,1
50,12386.164614509773,593,11.0,0.6758229251040736,High School,Full-time,Single,1
18,52864.30904995043,542,15.0,0.6581598242975735,Bachelor,Self-employed,Married,1
36,69565.85964232516,331,9.0,0.07010813964125695,Master,Full-time,Divorced,1
79,67239.30170120312,690,24.0,0.3952593154311578,Bachelor,Full-time,Married,0
19,62467.98877832703,576,19.0,0.18177886721736192,High School,Full-time,Single,1
70,,831,30.0,0.1568127053168057,High School,Part-time,Married,0
61,51231.37241250902,453,3.0,0.8273021497372459,High School,Self-employed,Single,0
43,16134.676505804211,682,22.0,0.04191521671625753,High School,Full-time,Divorced,0
49,31989.342296257128,367,1.0,0.41918287590212133,Bachelor,Full-time,Married,0
23,54618.87912776327,513,21.0,0.1682036557665182,Bachelor,Self-employed,Single,0
49,35680.48386147589,675,36.0,0.879330215678474,Bachelor,Part-time,Single,1
72,63776.764940655696,512,7.0,0.5570405132750351,Bachelor,Full-time,Married,0
21,59335.65100529725,378,6.0,0.23138063637684803,Master,Full-time,Single,1
72,77347.40509443988,680,13.0,0.5024272871663764,High School,Full-time,Married,1
28,69165.07652305142,357,2.0,0.7314863597031158,Bachelor,Part-time,Single,0
73,54545.22818269136,325,15.0,0.9581180089194338,Master,Full-time,Single,1
76,64959.60868123832,746,18.0,0.22044600424541894,High School,Unemployed,Married,0
34,70102.04324599312,365,17.0,0.8861817721293451,High School,Full-time,Divorced,1
55,39851.25428184035,553,15.0,0.9343041141674903,Master,Full-time,Divorced,0
41,43413.38003360396,343,7.0,0.9164205445320662,Bachelor,Full-time,Single,1
22,48063.47925213179,396,32.0,0.6354143568619098,Bachelor,Self-employed,Single,1
69,40489.38911671301,526,11.0,0.6298206544347077,High School,Self-employed,Single,1
51,70313.73890126968,735,10.0,0.4032106331838228,Bachelor,Full-time,Married,1
23,37453.78916645392,678,4.0,0.7523978823037879,Bachelor,Part-time,Married,1
39,75033.02942799649,477,26.0,0.5312940183509319,High School,Full-time,Divorced,1
28,42660.53602239234,726,11.0,0.6774380712282945,Bachelor,Full-time,Divorced,0
65,59447.93285678717,606,16.0,0.42845790384879545,High School,Full-time,Single,0
33,53328.30297525777,803,5.0,0.7314964640431391,Bachelor,Full-time,Married,1
50,30480.40383416666,567,32.0,0.8244715176045491,High School,Full-time,Divorced,0
26,49602.20541018419,307,4.0,0.14643625660281612,High School,Self-employed,Married,0
77,56672.870629011944,807,27.0,0.832929715574228,High School,Full-time,Single,1
76,48714.14625779004,775,13.0,0.5402965317903072,High School,Unemployed,Single,1
23,23145.86882987432,596,4.0,0.8446659090902243,PhD,Full-time,Married,0
33,84028.58487052342,463,32.0,0.4313017063410146,High School,Part-time,Single,0
46,51753.98965723472,784,18.0,0.37904048538303503,Bachelor,Full-time,Single,1
20,34113.948496729565,371,21.0,0.9150607325172224,High School,Full-time,Single,1
37,82415.36046934548,537,4.0,0.2511692675484013,Bachelor,Full-time,Married,0
77,62347.79619440651,403,1.0,0.8442123252861431,PhD,Full-time,Single,1
76,25996.60007196781,509,29.0,0.4840205725094041,High School,Part-time,Single,0
53,29110.10507200243,767,38.0,0.5140954425512597,PhD,Full-time,Single,1
36,45552.10560224315,753,3.0,0.308468281489484,High School,Part-time,Married,0
43,55946.13957699645,567,32.0,0.5730422006190157,Master,Full-time,Divorced,1
20,62455.99662927844,685,12.0,0.3252111962762113,Bachelor,Full-time,Married,1
36,69003.56959057135,686,19.0,0.03926941424165231,Master,Full-time,Married,0
37,60791.448128002856,558,6.0,0.27199860534435605,Bachelor,Self-employed,Divorced,1
49,76934.91957281991,582,14.0,0.006379043406590679,Bachelor,Part-time,Single,1
24,52535.863193609395,339,22.0,0.9783547870568566,High School,Full-time,Single,1
69,34807.212390435554,785,13.0,0.9657472098197475,High School,Full-time,Single,1
58,49932.98260682053,519,22.0,0.39515529747230504,PhD,Full-time,Single,1
50,48620.38679308416,428,18.0,0.728370854339646,Bachelor,Unemployed,Single,0
57,-1564.308593249839,819,28.0,0.345806098410425,Bachelor,Part-time,Divorced,1
56,38772.66281808683,559,19.0,0.671093157085976,Master,Full-time,Married,1
35,56284.07465900901,665,28.0,0.8054300430459791,Bachelor,Full-time,Married,0
57,41515.68869576428,843,23.0,0.9467562446922407,PhD,Full-time,Divorced,1
18,,823,17.0,0.400212275849672,Master,Unemployed,Single,1
28,68227.52391609128,315,9.0,0.7832979829560477,Bachelor,Full-time,Single,1
45,31669.083504491213,428,7.0,0.2659284506321188,Master,Part-time,Married,1
74,64232.45300941646,408,25.0,0.9903323037936483,High School,Full-time,Married,0
42,23345.110584234306,832,28.0,0.025769598764351143,High School,Part-time,Single,1
67,105215.23871452369,568,9.0,0.603528806501121,Bachelor,Part-time,Married,0
40,,461,16.0,0.6595059816513271,High School,Part-time,Married,0
48,43534.694214078874,559,1.0,0.6880455570741288,Master,Part-time,Married,0
47,72861.31805779837,401,5.0,0.12038757878908901,PhD,Self-employed,Married,1
59,41625.90318387102,805,4.0,0.9385297834731304,Bachelor,Full-time,Single,0
52,79098.55616651333,546,27.0,0.1811832790500828,Bachelor,Full-time,Single,0
24,57431.87660973053,836,4.0,0.6227534032398411,PhD,Full-time,Married,1
77,47632.04198907541,430,17.0,0.22267607912308496,Bachelor,Unemployed,Single,1
33,45499.88193259249,652,25.0,0.3072164170212709,Bachelor,Full-time,Divorced,1
43,74151.84340860524,495,19.0,0.5464585417281244,Bachelor,Part-time,Married,1
65,54609.74429207006,681,26.0,0.4171934185645765,PhD,Part-time,Single,1
74,58646.1746238154,526,11.0,0.1602256009765063,Bachelor,Full-time,Married,0
69,60820.03745207258,775,6.0,0.1709364024208483,Master,Full-time,Married,1
77,52658.72370445382,776,2.0,0.41814478816279965,Master,Full-time,Single,1
66,60397.444526999665,564,9.0,0.7572829782755007,Bachelor,Full-time,Married,1
19,47633.53154638019,671,33.0,0.8979646468477885,Bachelor,Full-time,Divorced,0
18,49003.82736346848,785,24.0,0.08412766225938284,Master,Full-time,Married,0
65,27617.70143946582,733,34.0,0.39310390755940106,Bachelor,Self-employed,Single,1
79,55955.205018367946,510,15.0,0.10024556372287663,Master,Unemployed,Married,1
29,15609.179865755594,676,1.0,0.016592480632597884,PhD,Full-time,Married,1
22,55671.16141221826,694,23.0,0.6617186826439566,Bachelor,Full-time,Single,0
54,44387.67967670371,749,9.0,0.6024494419665878,Master,Full-time,Single,1
49,57491.70218901956,663,37.0,0.1630191138148862,Master,Part-time,Divorced,0
76,29023.433318366482,756,21.0,0.2338128330930641,Master,Self-employed,Single,1
72,,525,25.0,0.02370775364451838,Bachelor,Full-time,Married,0
26,42982.69386052921,430,38.0,0.8349472056944037,High School,Full-time,Married,1
58,,775,26.0,0.9746905960485515,Bachelor,Part-time,Married,0
52,14388.866335790352,576,28.0,0.1354595367946908,Bachelor,Part-time,Single,1
36,65359.6653938914,455,37.0,0.23147521376529812,Bachelor,Full-time,Married,0
65,82024.76454284081,517,19.0,0.868409523946934,Master,Part-time,Single,1
33,34060.971284508996,489,26.0,0.9264637979561848,Bachelor,Full-time,Married,0
20,48484.58345557093,716,19.0,0.41962738280681033,Bachelor,Full-time,Married,0
37,43844.287666403754,845,18.0,0.050622472269074126,High School,Part-time,Married,1
41,36822.03156047594,340,19.0,0.0393918336928194,Master,Self-employed,Divorced,1
71,63274.74427776042,606,34.0,0.5739498660690104,Bachelor,Full-time,Married,0
73,70202.82920857237,637,1.0,0.392895108893179,High School,Self-employed,Single,1
50,32627.856214687916,613,29.0,0.028652427577654516,High School,Full-time,Divorced,1
41,50895.33734189807,374,,0.5832523923125568,Master,Part-time,Married,1
69,75690.66067867789,578,21.0,0.011302536589022472,Bachelor,Full-time,Single,1
28,63780.724064299444,475,2.0,0.787371958149273,High School,Self-employed,Single,1
66,66753.94876800977,572,5.0,0.3064328227033716,PhD,Self-employed,Married,1
25,77359.70614884829,588,14.0,0.0402580030092321,Master,Full-time,Single,1
53,77096.903447465,571,26.0,0.5883522209831533,PhD,Self-employed,Married,1
55,70572.85260606132,365,9.0,0.3976844144330547,Bachelor,Self-employed,Married,0
57,52898.74829562361,782,8.0,0.9738004133571495,Bachelor,Part-time,Single,0
37,42350.33965083816,547,32.0,0.5441986625037022,Master,Full-time,Married,0
79,52069.555306263705,455,31.0,0.2752391810370083,Bachelor,Self-employed,Single,1
52,39311.86627953263,346,5.0,0.7094388646339748,Master,Self-employed,Married,0
65,10950.262539786352,753,35.0,0.27149200254271133,High School,Full-time,Married,1
79,44410.018683999195,500,1.0,0.9042432914075651,Bachelor,Unemployed,Married,1
42,57150.524876744406,423,28.0,0.37472197050737643,High School,Full-time,Married,0
52,38254.61164467642,300,3.0,0.5498685627762052,High School,Full-time,Married,0
42,,490,0.0,0.05057310382422886,High School,Full-time,Married,0
46,46919.265680665354,815,18.0,0.4261212379522308,High School,Full-time,Single,0
35,77137.13548437777,741,25.0,0.832363539660995,PhD,Part-time,Single,1
63,,442,24.0,0.8056488053633419,High School,Full-time,Married,1
35,77132.66764366909,490,9.0,0.22431855885352625,Bachelor,Unemployed,Divorced,0
19,-4249.809836959475,832,14.0,0.22607907101056268,Master,Full-time,Married,1
71,76957.11562658072,526,21.0,0.8173053122132368,Bachelor,Full-time,Married,1
52,75948.12229725248,612,20.0,0.9303984201693255,High School,Full-time,Single,0
33,68045.09346778384,601,21.0,0.09536092127300355,Master,Full-time,Married,1
78,9761.639935924568,759,35.0,0.45005863942622526,Bachelor,Self-employed,Married,1
58,,700,33.0,0.33745427896422897,Master,Part-time,Single,1
53,48997.61648649499,692,29.0,0.8706884554574393,Master,Self-employed,Single,0
50,-586.748798493204,506,24.0,0.08352491468001877,PhD,Full-time,Divorced,0
21,75963.55415669392,509,27.0,0.2111259425580374,Bachelor,Full-time,Single,1
50,78883.46157097936,414,0.0,0.7524683375864943,Bachelor,Full-time,Single,1
31,11909.758562696574,550,,0.051293848981215584,Bachelor,Full-time,Single,1
38,53508.42150600226,518,6.0,0.49253538071428926,High School,Full-time,Divorced,1
65,77771.82242888365,706,8.0,0.44210703467972,Master,Part-time,Married,1
37,74603.22626914292,742,35.0,0.33440117898874866,High School,Full-time,Married,1
73,66721.22102319048,653,18.0,0.3945723153189238,Bachelor,Part-time,Divorced,1
25,-2945.0575979501714,849,0.0,0.5299405869302329,Master,Full-time,Single,0
24,64590.85533271628,441,9.0,0.16136735838838312,Bachelor,Full-time,Married,1
20,45637.92203252114,800,,0.5719958782835928,Bachelor,Part-time,Single,0
34,69917.15057436988,846,8.0,0.8054323292999863,Bachelor,Full-time,Single,1
50,55123.229168676495,841,31.0,0.760160929790159,Master,Self-employed,Married,1
65,49602.3677942227,806,31.0,0.15389990469377368,Bachelor,Part-time,Married,0
29,62818.07698818472,580,5.0,0.1492494697414739,Master,Full-time,Single,1
76,46561.73257856484,723,37.0,0.2681743677449133,High School,Unemployed,Single,1
68,49514.45440216116,569,16.0,0.3610747263410372,Master,Full-time,Married,0
39,38895.52001742477,453,9.0,0.4084555814084826,Master,Full-time,Single,1
72,17891.820176308753,382,26.0,0.6796972168333453,High School,Part-time,Single,0
39,61357.06947542543,725,34.0,0.056680432165835404,Bachelor,Full-time,Single,1
63,33879.3936065886,574,,0.034672704226066386,High School,Self-employed,Single,0
47,45984.16267918532,583,24.0,0.391910562943909,Master,Self-employed,Married,1
55,55739.479169078666,472,27.0,0.6971636921379805,Bachelor,Unemployed,Single,0
55,8295.647128691224,626,14.0,0.19343534295648257,Bachelor,Full-time,Single,1
62,12773.021926463533,362,3.0,0.6415044812562517,High School,Full-time,Married,0
68,44005.22846781594,372,28.0,0.25982813794029946,High School,Part-time,Divorced,0
71,59091.26964599311,674,8.0,0.8860861088135163,High School,Full-time,Single,0
25,64880.76541298322,807,26.0,0.8956899442666165,Bachelor,Full-time,Single,1
44,18173.71008248186,697,25.0,0.2972872042813265,Bachelor,Full-time,Single,1
44,62732.629688256304,419,18.0,0.2299937539632405,Master,Full-time,Married,0
51,45098.60763367327,736,27.0,0.41130397206623126,Bachelor,Full-time,Married,1
38,32336.855098070464,764,16.0,0.24053158518014872,Bachelor,Self-employed,Married,0
47,37028.962878812585,585,19.0,0.6723838432917036,PhD,Self-employed,Divorced,0
50,66037.14664080333,564,39.0,0.8260646845482855,Master,Full-time,Married,1
45,55480.11570171143,619,38.0,0.673092130911217,PhD,Full-time,Married,1
64,51006.13045510641,675,22.0,0.8243504472493495,Bachelor,Full-time,Married,0
50,54869.914776157995,388,31.0,0.39699216220747413,High School,Self-employed,Single,0
22,68561.95553232387,502,32.0,0.15631697070886086,High School,Full-time,Divorced,1
77,48058.00865193354,633,4.0,0.7379509473975921,Master,Part-time,Single,0
78,51086.37772908473,521,,0.3604745051415539,High School,Full-time,Single,0
65,72763.4148027561,340,39.0,0.6712708252291325,Bachelor,Part-time,Married,1
36,43368.26751473683,367,10.0,0.27064394198176567,Bachelor,Full-time,Single,0
21,62362.81190561363,813,2.0,0.08122963480667267,Bachelor,Part-time,Married,1
52,39925.91038653717,426,32.0,0.9925817954877634,Bachelor,Full-time,Married,1
66,41682.65317176431,554,10.0,0.15620150793059928,High School,Part-time,Married,0
34,47919.00486400727,315,15.0,0.988420993963481,Bachelor,Full-time,Married,1
61,60305.457059735316,776,17.0,0.9772799325664473,Bachelor,Part-time,Single,1
45,73883.63925102138,361,29.0,0.7938181039080396,PhD,Self-employed,Married,0
47,51930.9052707755,731,9.0,0.6594229620819976,Master,Full-time,Married,1
46,20003.261773529113,567,17.0,0.5778070502510847,PhD,Self-employed,Married,0
63,62628.92587067876,334,37.0,0.8661015453778347,Master,Full-time,Married,0
70,99076.84348291419,793,18.0,0.28943952161948794,Bachelor,Full-time,Single,1
23,52173.37662134701,768,35.0,0.46768121248487704,High School,Full-time,Married,1
52,15824.647216408412,624,12.0,0.6193899693665019,Bachelor,Full-time,Single,0
77,53393.05778941703,603,,0.4111904758694911,Bachelor,Part-time,Divorced,0
58,49939.74793632321,575,9.0,0.427486454090268,Bachelor,Part-time,Single,1
54,48257.82313275221,500,,0.3302846675020844,Bachelor,Full-time,Married,0
41,68908.19799954265,744,0.0,0.564231816684536,Bachelor,Full-time,Single,1
46,77565.49572671448,623,26.0,0.850574528015116,Bachelor,Self-employed,Single,0
66,63671.71490402165,334,7.0,0.20152837800631285,Bachelor,Self-employed,Married,1
63,47338.83830657863,781,16.0,0.9344330387534414,High School,Full-time,Divorced,1
70,72513.5756873926,779,8.0,0.6890876537482297,Master,Unemployed,Married,1
48,20123.407175715187,364,5.0,0.8232732126800302,High School,Full-time,Divorced,0
52,35678.87758532011,307,24.0,0.5561906926300116,High School,Full-time,Married,0
77,37907.444427965405,600,38.0,0.7795167014240635,Bachelor,Self-employed,Married,0
50,49380.98704136131,642,27.0,0.01620039733946721,Bachelor,Full-time,Single,1
69,60134.69324973675,730,32.0,0.8183804247795352,Bachelor,Full-time,Married,1
78,45985.74103325432,723,36.0,0.04013885908536652,High School,Full-time,Single,1
38,31879.284109954504,631,8.0,0.8899133763628625,Bachelor,Self-employed,Divorced,0
49,69497.0056939226,737,17.0,0.9919627472386433,Bachelor,Self-employed,Divorced,1
40,45290.865555906115,473,20.0,0.2940674621767778,PhD,Full-time,Divorced,1
50,52042.57841742068,826,1.0,0.21031855628579366,PhD,Full-time,Married,1
20,61021.35490951816,325,37.0,0.7653633638580407,Bachelor,Full-time,Married,0
35,50777.55215845894,705,39.0,0.2530263409202532,Bachelor,Full-time,Married,1
42,50865.433894885806,531,35.0,0.8655623831722035,Master,Full-time,Single,0
59,70609.4684087166,832,36.0,0.10284259215747671,High School,Part-time,Married,1
48,53027.38949140753,849,14.0,0.12595519637935826,Bachelor,Full-time,Single,1
71,67255.93971580979,804,27.0,0.9791515551006156,Bachelor,Full-time,Married,1
75,60893.34888636779,478,17.0,0.6738388982700046,PhD,Full-time,Single,1
20,90337.75088373832,431,33.0,0.8468872244289528,High School,Full-time,Single,0
57,58188.2683573826,754,21.0,0.324329377351518,Bachelor,Self-employed,Single,1
63,,647,10.0,0.6764837495206044,Master,Full-time,Married,1
41,72033.13427992734,839,12.0,0.5942418273085972,Bachelor,Full-time,Married,1
67,51272.355199003396,705,3.0,0.603150120122947,High School,Full-time,Single,0
49,37242.93806541118,375,21.0,0.6825324595377216,PhD,Full-time,Married,0
64,40517.08837753087,791,6.0,0.5753591731290986,Bachelor,Full-time,Single,1
39,40709.861489950235,493,23.0,0.42906236930266595,Bachelor,Full-time,Married,0
40,30993.380636065627,461,3.0,0.27592269438054684,High School,Full-time,Married,0
19,56356.10338403768,646,27.0,0.768581330913202,Bachelor,Full-time,Married,1
44,37409.66903901832,660,14.0,0.2262724300031862,Bachelor,Full-time,Married,1
59,53897.05642403694,386,0.0,0.6923543061544142,High School,Full-time,Single,0
19,46826.51112578727,561,2.0,0.23333282264932664,High School,Unemployed,Married,1
43,49167.5701341497,513,13.0,0.6253301699544539,Master,Full-time,Married,1
34,61121.13295657712,561,37.0,0.7470782671290289,High School,Full-time,Married,1
57,39162.017512229046,582,0.0,0.2187138889065392,High School,Full-time,Married,0
50,62777.820918735466,766,37.0,0.05994330086130828,Bachelor,Full-time,Single,1
26,81346.15733277904,679,37.0,0.13097374299417408,Master,Part-time,Married,0
60,56862.181659035174,661,20.0,0.6059969672710255,High School,Full-time,Married,0
71,34358.08629455062,748,28.0,0.8494464062257355,Bachelor,Part-time,Single,1
65,37699.63977320407,740,4.0,0.04499682123542437,High School,Full-time,Single,0
56,45034.74198429769,392,9.0,0.7341512590416462,High School,Full-time,Single,0
46,38102.194058608686,723,27.0,0.3413186459500521,High School,Part-time,Divorced,1
59,30176.393807799006,441,20.0,0.4785283699195225,Master,Full-time,Married,0
72,53088.14553923384,590,6.0,0.9288595498455656,High School,Full-time,Single,0
43,45576.05336548402,731,2.0,0.33197150473584547,High School,Full-time,Single,1
52,53794.417671161165,348,19.0,0.46533693393948605,Bachelor,Part-time,Married,0
67,73727.74824430575,601,18.0,0.013682414760681105,Master,Full-time,Married,1
42,45272.943321512816,489,34.0,0.08159872000483837,High School,Self-employed,Single,1
41,26291.599906393778,435,3.0,0.258591591134784,Bachelor,Full-time,Single,0
30,42022.150154928975,703,4.0,0.027852240821074403,High School,Self-employed,Divorced,1
77,65408.504342332846,640,,0.631375326048251,Bachelor,Full-time,Single,0
75,63535.4054143391,617,3.0,0.4263983568016225,Bachelor,Part-time,Single,0
24,60372.79295227134,662,11.0,0.548145202728022,Bachelor,Full-time,Divorced,1
74,37505.865536757934,681,26.0,0.17464718589632955,Bachelor,Self-employed,Married,1
53,65038.05236065397,532,22.0,0.2959320294366161,Bachelor,Full-time,Single,0
62,,643,24.0,0.6638244748527251,High School,Full-time,Single,0
37,36091.56740220048,848,20.0,0.9653027236303998,Bachelor,Full-time,Single,1
18,49168.59804914951,828,23.0,0.0504167736022092,High School,Full-time,Single,1
25,90408.03927364224,482,24.0,0.8903843208552661,Master,Full-time,Divorced,0
63,35202.51447073225,340,31.0,0.5768812013112085,PhD,Self-employed,Married,0
33,15898.266615125505,696,31.0,0.5639195667556237,PhD,Unemployed,Married,1
31,77658.08868929597,793,4.0,0.5002785352077603,Master,Full-time,Divorced,1
29,72732.0954340912,632,35.0,0.06939408590418339,Bachelor,Self-employed,Married,0
68,40860.6535284515,426,38.0,0.08987685173616067,Master,Full-time,Single,0
40,47740.16436263827,300,15.0,0.6009120056590861,High School,Full-time,Married,0
32,25501.298996220954,467,,0.3409585714355583,Bachelor,Part-time,Divorced,1
45,51779.04545219404,318,20.0,0.9172680665776807,Bachelor,Part-time,Married,0
51,73318.27430742802,631,8.0,0.40659053735947226,Bachelor,Unemployed,Single,1
19,39147.90316483444,755,5.0,0.14328145870264108,Master,Full-time,Married,1
49,67542.03957572585,408,34.0,0.714718833502036,High School,Part-time,Married,1
40,59274.47714780864,567,38.0,0.29335342144100984,Bachelor,Full-time,Divorced,1
39,61556.33781762279,744,21.0,0.5254703073558932,PhD,Full-time,Single,1
68,40313.81638827264,539,4.0,0.69783278550517,High School,Full-time,Married,1
42,42907.51634133011,600,22.0,0.9002641112020704,Bachelor,Unemployed,Divorced,0
75,,402,16.0,0.7921911948016761,PhD,Self-employed,Married,1
79,38666.611749797885,549,11.0,0.6763610678727241,Bachelor,Part-time,Married,1
78,73269.70916062518,752,22.0,0.6796331823951436,Bachelor,Full-time,Single,1
39,31413.35611795453,819,15.0,0.9459246440320865,High School,Full-time,Single,0
75,34393.9669228619,452,2.0,0.29582409749653604,Bachelor,Full-time,Single,0
75,62803.79647414248,473,29.0,0.0011120941961874076,Master,Full-time,Divorced,1
39,58055.36583986187,642,21.0,0.2719545593981987,Bachelor,Full-time,Single,0
66,63797.26499592601,730,8.0,0.217891379626744,Bachelor,Part-time,Married,1
69,26735.589198191923,623,28.0,0.6618345851139982,High School,Full-time,Married,0
59,101281.15898600692,719,,0.633711599765529,High School,Full-time,Single,1
23,25684.932516654993,784,22.0,0.5934613827047238,PhD,Full-time,Married,1
32,53084.94627468136,711,12.0,0.0162434432094537,Bachelor,Full-time,Married,1
71,46826.89008262827,383,31.0,0.7287780544506475,Bachelor,Full-time,Divorced,1
60,26267.16965269905,412,22.0,0.3235304124854915,High School,Self-employed,Married,0
77,42595.811543735006,631,16.0,0.6650559890066311,Bachelor,Part-time,Married,0
54,50466.152017717395,677,39.0,0.5565784285021533,PhD,Self-employed,Single,1
50,37000.5357627306,340,20.0,0.3427309254279072,Bachelor,Full-time,Divorced,1
25,68744.47243069699,404,1.0,0.13457626710410775,High School,Full-time,Single,0
70,46767.485090750575,501,36.0,0.09441889766048095,Bachelor,Full-time,Married,0
77,23174.506579634268,749,5.0,0.8315183331122236,Master,Self-employed,Single,1
61,21477.48934661406,565,17.0,0.918397542081558,Bachelor,Part-time,Divorced,0
61,62123.301812229125,509,29.0,0.6497880467642996,Master,Full-time,Married,1
22,20264.584345993277,417,21.0,0.10343411486048337,Bachelor,Full-time,Married,1
56,56328.521460981676,676,32.0,0.4020272168882407,Master,Full-time,Single,0
21,58893.10371333918,839,29.0,0.7289392001051572,Bachelor,Part-time,Married,1
23,30092.89272151966,383,16.0,0.7798208840100681,High School,Self-employed,Married,1
62,67814.76167549781,753,31.0,0.1182186222910886,Bachelor,Full-time,Married,1
49,15644.127524767355,813,13.0,3.071884538241587e-05,High School,Full-time,Single,0
69,55929.17867997117,686,9.0,0.712137045880605,PhD,Full-time,Divorced,1
47,49182.84132807983,649,35.0,0.35659617598620563,Master,Full-time,Divorced,0
64,47620.040485382124,595,33.0,0.25448133161826025,Bachelor,Full-time,Single,0
52,26442.067140388546,557,8.0,0.01289746978952544,Bachelor,Full-time,Married,1
72,31259.559912001485,380,27.0,0.5402994067614997,High School,Part-time,Married,0
57,82376.04050041195,567,10.0,0.8511507354259817,Master,Part-time,Married,1
69,74303.10017743507,718,13.0,0.9576316462725879,Bachelor,Full-time,Single,1
33,64841.691770475976,534,38.0,0.5657449506132892,High School,Self-employed,Married,0
30,68796.96207059376,610,18.0,0.5144613277398942,Bachelor,Full-time,Married,0
67,66920.27089342538,656,14.0,0.0850563854892411,High School,Full-time,Married,1
77,43532.875754275825,512,27.0,0.5488728015425998,Bachelor,Full-time,Married,0
59,50952.07103628702,348,23.0,0.3799790789653946,Bachelor,Full-time,Married,1
47,20549.832439179823,426,7.0,0.6071352808835769,High School,Full-time,Married,1
36,48206.08746384948,522,8.0,0.3887263478765467,PhD,Full-time,Single,1
34,73668.28499078374,578,32.0,0.24029912345036675,High School,Full-time,Divorced,1
73,36785.85503485729,707,32.0,0.0949652752283765,High School,Unemployed,Married,1
36,70462.82409374452,804,18.0,0.31491844458889573,High School,Full-time,Single,1
45,51831.71477387526,593,2.0,0.09664483428775228,Master,Full-time,Single,1
75,22292.562686605354,576,9.0,0.17689695082398393,Bachelor,Full-time,Married,0
72,27853.60973307377,737,39.0,0.9873361585795459,Bachelor,Part-time,Divorced,0
43,68386.0573941551,406,0.0,0.4441035569066186,High School,Full-time,Single,0
54,61050.4817051677,719,,0.5318717665050166,High School,Self-employed,Married,1
43,52035.28145975251,728,33.0,0.8736185287372153,Bachelor,Full-time,Single,0
70,44519.36371504109,674,12.0,0.9955689004906878,Master,Full-time,Married,1
79,54211.35955257171,372,0.0,0.5827144493446815,Master,Full-time,Divorced,1
40,,329,33.0,0.8124738210441717,High School,Full-time,Married,0
26,79517.0656097457,487,28.0,0.32694102433667527,Bachelor,Full-time,Single,1
29,80473.68398881209,663,12.0,0.3057439574472911,PhD,Full-time,Married,1
70,57439.19801516996,750,28.0,0.4027037209945602,Bachelor,Full-time,Single,1
18,,494,38.0,0.6725072626736491,Master,Full-time,Married,1
75,52924.960156377114,455,23.0,0.6821916892550988,High School,Full-time,Married,1
75,60442.4071451016,471,25.0,0.3152394346494508,PhD,Unemployed,Married,0
18,60361.33887690183,340,16.0,0.1332099241366287,Master,Full-time,Single,1
64,76159.7327428021,362,6.0,0.6323962564655086,PhD,Self-employed,Divorced,1
51,92315.1144383331,322,12.0,0.12832586218876452,Bachelor,Part-time,Married,1
49,45894.907407718274,659,4.0,0.5784925082293301,Bachelor,Full-time,Single,0
79,93117.69817648924,374,25.0,0.693422128056309,PhD,Full-time,Married,1
71,73444.78493516787,417,2.0,0.7006114963944516,High School,Full-time,Married,1
65,47983.54019629584,679,6.0,0.7534721106595967,Bachelor,Part-time,Married,0
42,79971.2967773016,589,38.0,0.8728594215656645,Master,Part-time,Married,1
57,83712.96602838329,739,0.0,0.49995899196478844,Master,Part-time,Married,1
62,40794.09111612306,306,16.0,0.7302491895295712,PhD,Self-employed,Single,1
70,84644.30504971296,495,24.0,0.6191727353658367,High School,Part-time,Married,1
18,71501.65642071927,720,2.0,0.18663993979768256,Master,Full-time,Married,1
33,97371.18255958385,492,14.0,0.025689644869408168,Master,Full-time,Single,1
78,41519.22836001002,447,28.0,0.28454138567693377,High School,Self-employed,Married,1
56,42931.465125280076,501,31.0,0.4430337063376194,Bachelor,Full-time,Divorced,0
22,9466.7574051332,743,25.0,0.6171059444286563,High School,Full-time,Divorced,1
39,61423.87841135925,718,15.0,0.8499593305032054,Bachelor,Part-time,Single,1
46,57505.02511237437,726,24.0,0.19624571670616564,PhD,Full-time,Single,1
72,38740.126569286665,778,27.0,0.1255497898984771,Bachelor,Self-employed,Married,0
20,48362.98537023884,774,8.0,0.9634799474743275,Master,Part-time,Single,1
29,23775.579796497695,425,0.0,0.10804455937640711,PhD,Full-time,Divorced,0
43,73968.89905663372,694,28.0,0.47849107010718916,Bachelor,Self-employed,Single,1
33,40206.0105094338,624,21.0,0.5855637287933019,Master,Full-time,Single,1
68,111880.98031241902,691,15.0,0.5413744209074383,Bachelor,Full-time,Married,1
54,46487.97398577935,739,6.0,0.0860321570329432,Master,Full-time,Single,1
39,34807.6231790338,503,13.0,0.05702691400361937,High School,Full-time,Married,1
74,41753.73762530276,785,28.0,0.10548342746103567,PhD,Full-time,Married,1
46,21760.780469114976,330,18.0,0.5855876838726125,High School,Full-time,Single,0
31,,687,18.0,0.5443448876343211,Bachelor,Full-time,Single,1
45,41602.006004417555,733,1.0,0.23374079203674425,Master,Full-time,Married,1
22,72625.05580795476,675,14.0,0.6377741418455916,Bachelor,Part-time,Single,1
64,,643,2.0,0.8200675020556494,Bachelor,Self-employed,Married,0
66,77688.84223371293,742,10.0,0.041578959846593766,Bachelor,Full-time,Married,1
47,65149.11498634082,374,29.0,0.4981299435480424,Master,Full-time,Married,1
63,50571.93553436688,454,39.0,0.6893104121026903,High School,Full-time,Divorced,1
79,81604.65174701643,729,17.0,0.2523119270696871,High School,Full-time,Divorced,1
69,69045.86922074419,662,1.0,0.3077709052931491,High School,Part-time,Divorced,0
22,108924.2565332645,747,31.0,0.6136379029893838,Bachelor,Part-time,Single,1
29,41810.89510043591,533,7.0,0.8979352934437369,High School,Full-time,Single,1
33,51532.32210916921,561,21.0,0.8099244203028994,Bachelor,Full-time,Single,0
43,81374.1802202186,424,5.0,0.5831302190995835,Bachelor,Full-time,Divorced,1
43,19129.243763297753,544,11.0,0.7302217177572492,High School,Part-time,Divorced,0
65,76338.87126465124,841,,0.3648224702077987,Bachelor,Full-time,Divorced,1
38,58786.055153629415,784,35.0,0.6409655280987577,Master,Unemployed,Single,1
56,32235.784891055042,421,14.0,0.46618159112755697,High School,Part-time,Divorced,0
53,22739.20682897757,424,27.0,0.1899361364575609,Bachelor,Full-time,Married,0
50,36550.21053739432,848,17.0,0.7017382738772572,Bachelor,Full-time,Single,1
79,4303.608553488561,469,1.0,0.556464637348822,Bachelor,Self-employed,Married,0
47,40209.211126169925,423,12.0,0.3586215819535914,Master,Full-time,Single,0
54,62451.12666685163,334,14.0,0.9113391900786307,Bachelor,Full-time,Married,0
40,40473.987180623444,386,19.0,0.020934117826733267,Bachelor,Full-time,Single,1
75,77766.25402867617,500,28.0,0.315773151249496,High School,Self-employed,Married,1
27,83198.95205450576,668,28.0,0.05688139777764656,Bachelor,Part-time,Married,0
71,75512.88965251549,376,2.0,0.7665273162216272,Bachelor,Part-time,Divorced,0
22,54612.8182052873,358,18.0,0.7021074541137926,High School,Self-employed,Married,0
53,3506.414550270618,730,2.0,0.33135221873631704,Bachelor,Self-employed,Married,1
51,35926.050159347884,799,13.0,0.675662902207073,PhD,Self-employed,Married,1
69,47159.22946451226,408,39.0,0.39593722619594984,Bachelor,Full-time,Divorced,0
48,32122.647009903783,577,3.0,0.7562537914224343,Bachelor,Full-time,Single,1
27,47209.890490268575,367,10.0,0.4541836627367061,PhD,Part-time,Married,1
75,82201.34937386759,368,30.0,0.41227972783166555,Master,Part-time,Single,1
36,17084.469409693636,464,31.0,0.934729915488301,Bachelor,Part-time,Single,0
75,86233.84112238053,788,26.0,0.25087909989070023,Master,Full-time,Married,1
49,67694.52843508274,604,29.0,0.12044733999656543,Master,Part-time,Divorced,1
18,55364.33616555391,664,1.0,0.5845431132594582,Bachelor,Part-time,Single,0
73,35727.66888518472,678,,0.9693218122841789,Bachelor,Full-time,Married,0
22,32520.99309017149,642,27.0,0.37783921372718665,Bachelor,Full-time,Divorced,0
62,17475.645708225205,653,30.0,0.06203676362878152,PhD,Full-time,Divorced,0
21,84335.30960628773,715,33.0,0.33930526730956745,Bachelor,Full-time,Single,1
33,80752.23120148083,408,14.0,0.5059316543195584,High School,Full-time,Divorced,0
41,21874.307428334356,796,24.0,0.1619230066322137,Master,Full-time,Single,1
33,38947.440101875975,640,35.0,0.658102218056492,Bachelor,Full-time,Married,0
72,58662.89538463817,682,7.0,0.9977493890102006,High School,Part-time,Single,1
19,44009.81723655584,832,8.0,0.4517394759814438,Bachelor,Part-time,Single,0
66,11626.504859363647,599,36.0,0.35472855673021264,Bachelor,Self-employed,Married,0
45,36844.54478888623,438,38.0,0.40070416683446664,Master,Full-time,Married,0
49,89020.68596040037,658,31.0,0.11514617839520114,High School,Full-time,Single,1
44,38200.428191711115,798,16.0,0.8832736014262238,Master,Self-employed,Single,1
37,46730.65326595586,684,34.0,0.414825655521352,Bachelor,Full-time,Married,0
41,27096.451519292383,579,36.0,0.3872744114248413,High School,Unemployed,Single,1
29,61755.25970567496,782,18.0,0.6596902729304743,PhD,Self-employed,Married,1
67,52303.03598049167,410,28.0,0.4420334209311235,Bachelor,Full-time,Single,1
52,35159.60516886043,438,6.0,0.648233468807846,High School,Unemployed,Single,0
77,23906.8920838515,734,27.0,0.061446290130787506,Bachelor,Full-time,Single,1
50,78090.86748021751,808,8.0,0.8137233437222274,Master,Full-time,Married,1
50,,572,27.0,0.9405039528794026,Bachelor,Part-time,Single,0
78,60076.3139117911,398,5.0,0.648765386159386,High School,Full-time,Single,1
68,6922.415105768538,403,28.0,0.9545659288588108,High School,Self-employed,Divorced,1
60,64144.23366024765,513,16.0,0.1514323143699633,High School,Full-time,Married,1
54,69405.97774520122,464,15.0,0.4774161894803537,Master,Full-time,Single,1
29,,819,22.0,0.6018067339454473,Bachelor,Full-time,Married,1
20,46775.830628602635,583,30.0,0.5817366474211867,High School,Part-time,Divorced,0
18,81680.07211127391,816,2.0,0.40146177908904324,High School,Full-time,Single,1
50,96155.83389992136,463,20.0,0.3380844093662614,Bachelor,Full-time,Single,1
57,43567.53727908074,363,25.0,0.1268240225504188,PhD,Self-employed,Married,1
27,40979.899397401445,390,35.0,0.3917424505622782,Bachelor,Full-time,Married,1
60,52983.54520689871,416,36.0,0.16266081510548513,PhD,Self-employed,Married,1
61,40446.397082115865,566,21.0,0.7343656764922184,Bachelor,Full-time,Single,0
46,37522.596079797586,439,11.0,0.20883093549458998,High School,Part-time,Single,0
30,39265.229195169806,545,12.0,0.05856530528453385,Master,Part-time,Married,1
29,84315.1201601249,694,10.0,0.5523661378172343,Bachelor,Full-time,Single,0
48,65437.63990070864,786,15.0,0.5952297327194016,Master,Full-time,Married,1
63,40381.07745483818,775,7.0,0.8719130612805055,PhD,Self-employed,Married,1
19,897.4994855542917,816,39.0,0.5769816124176819,High School,Full-time,Single,1
78,19110.71012787065,483,39.0,0.3454808537234457,High School,Unemployed,Divorced,1
68,60068.58165203755,319,1.0,0.8030118815263205,Master,Full-time,Married,1
67,7568.881172223651,823,29.0,0.5402788931874211,High School,Full-time,Married,0
52,55859.870549039115,828,29.0,0.07928028463119174,High School,Full-time,Single,1
40,28688.72550269949,446,11.0,0.5658505603132467,High School,Unemployed,Single,1
34,51836.11549161347,603,9.0,0.9080185454216624,High School,Full-time,Married,1
43,51277.12602668286,527,10.0,0.39631262549822055,Master,Self-employed,Single,0
25,52411.79867781423,401,14.0,0.29632580189980007,High School,Self-employed,Divorced,0
46,42111.56305842959,716,15.0,0.14346945701802005,Bachelor,Full-time,Single,1
43,41454.28748784535,515,16.0,0.15144552193535732,Bachelor,Full-time,Married,0
27,35584.191621271224,706,25.0,0.4327714843418189,Bachelor,Part-time,Single,1
43,59677.8463448378,698,1.0,0.5956798241615295,High School,Full-time,Married,0
79,66103.85349561897,798,11.0,0.08061540516960175,Master,Part-time,Single,1
51,25620.549549277475,764,25.0,0.9395685890251657,High School,Full-time,Married,1
68,48967.43055415461,381,22.0,0.7551336174451959,Master,Full-time,Single,0
58,53931.64146975476,664,17.0,0.5866239182836627,Master,Part-time,Divorced,1
24,53675.422692460845,462,31.0,0.8284386709389908,Bachelor,Full-time,Single,1
21,53335.392391930356,347,37.0,0.08018675681211329,Bachelor,Full-time,Divorced,1
75,41959.30379309552,810,2.0,0.4768388777331244,Bachelor,Full-time,Married,1
70,55580.60850925078,628,37.0,0.6300931268616634,Bachelor,Full-time,Single,1
67,62360.5742196724,415,2.0,0.8286529061182892,Master,Full-time,Married,1
62,52820.73311645128,636,29.0,0.7834695600492677,Master,Self-employed,Single,1
28,60118.79673067448,446,0.0,0.27706924971339963,Bachelor,Full-time,Divorced,1
46,69807.06822075014,622,29.0,0.9408801695592043,Bachelor,Full-time,Married,1
73,12981.192842094642,742,31.0,0.12434584143087035,PhD,Part-time,Single,1
53,68869.27683730735,312,27.0,0.8751336186211521,PhD,Full-time,Single,1
42,56848.55530442549,793,20.0,0.9709402496046186,Bachelor,Full-time,Single,1
38,27767.493445225467,586,12.0,0.17715352322262556,Bachelor,Self-employed,Divorced,1
78,66049.41764639378,413,26.0,0.7220660642037853,High School,Part-time,Single,0
74,42033.58187952077,779,35.0,0.040285518777998464,PhD,Full-time,Married,1
53,44760.67127362894,321,6.0,0.40542282513915495,High School,Part-time,Married,0
27,39846.40435068675,648,21.0,0.516283299197674,Bachelor,Full-time,Divorced,0
54,56047.976884764495,619,9.0,0.5806452259096341,High School,Part-time,Single,1
26,34292.93714975894,425,38.0,0.9359372482485595,High School,Full-time,Married,0
41,68029.49259895572,576,14.0,0.6722506872941947,Bachelor,Full-time,Married,1
52,47222.74825610657,503,,0.481277951219237,PhD,Full-time,Married,1
66,,493,3.0,0.8096750362658893,High School,Full-time,Single,1
52,65057.5135522794,846,31.0,0.9505328209544089,Bachelor,Full-time,Single,0
65,43608.864753618385,585,22.0,0.022066148682290843,High School,Unemployed,Single,1
53,68963.53650724603,356,5.0,0.9825212722560387,High School,Full-time,Married,0
35,69591.85901681731,602,23.0,0.08613213906368034,Bachelor,Full-time,Single,0
66,23303.92323562046,462,19.0,0.8143867792687614,Bachelor,Full-time,Married,0
56,,318,36.0,0.2803347525514125,High School,Full-time,Single,0
49,20759.280569962288,669,19.0,0.13217965775387175,Bachelor,Part-time,Divorced,0
41,73431.61053765021,563,11.0,0.4398556397138349,High School,Full-time,Divorced,0
40,90567.14384460478,412,,0.6439565794476135,Bachelor,Full-time,Married,1
79,67496.68876538263,787,27.0,0.380951845023475,PhD,Full-time,Single,1
49,6860.387106006538,626,7.0,0.05456540828269896,PhD,Part-time,Single,1
54,71271.31438772037,841,0.0,0.5994611396587166,Bachelor,Full-time,Single,0
29,94922.57931872024,364,36.0,0.9024032761106747,Bachelor,Full-time,Single,1
66,43939.367180039415,591,21.0,0.3832153659472517,PhD,Full-time,Married,1
72,49305.9335994022,324,5.0,0.21633277763082703,High School,Full-time,Married,0
30,26230.26556147136,848,,0.4425773459328154,Master,Full-time,Divorced,0
40,56241.58837639338,300,31.0,0.04836271104878087,PhD,Part-time,Single,1
42,75383.54365086259,848,34.0,0.8204875844802748,High School,Part-time,Married,1
52,63954.74256298908,440,14.0,0.8263408109501867,High School,Self-employed,Married,1
58,112839.33954575597,487,4.0,0.5880004634296284,PhD,Full-time,Married,0
47,50660.540859315945,427,5.0,0.3531028889383895,Bachelor,Full-time,Single,0
34,17386.532651694713,500,24.0,0.7997833644457834,High School,Full-time,Married,0
66,53419.41943136438,426,39.0,0.5546870247883672,High School,Unemployed,Married,1
79,1670.9646957502055,556,28.0,0.8259323085500162,Bachelor,Full-time,Married,0
37,39337.92150270973,846,6.0,0.6314587925830206,Bachelor,Part-time,Divorced,0
65,,493,39.0,0.7844054732127973,Master,Full-time,Single,0
42,56502.672972635424,403,12.0,0.59856299321776,PhD,Full-time,Single,1
39,53588.33625662538,834,37.0,0.4141410682156662,High School,Full-time,Married,0
30,86415.60753430713,564,17.0,0.9579458599261376,Bachelor,Full-time,Married,1
76,44588.0021667326,683,1.0,0.5411138248788447,Bachelor,Self-employed,Single,1
36,75236.40825868218,559,7.0,0.6050895185405384,Bachelor,Unemployed,Married,1
66,52586.139503326805,713,10.0,0.22048763941474925,High School,Full-time,Divorced,1
53,57600.94926918053,657,32.0,0.6256507894272765,PhD,Full-time,Divorced,1
29,25653.90288273974,374,37.0,0.5716076494829438,Master,Self-employed,Single,1
78,40359.06410343566,654,26.0,0.18483839794702495,Bachelor,Part-time,Divorced,1
58,22049.63534312253,487,19.0,0.059587097353143714,Bachelor,Full-time,Married,0
36,48095.0984354931,589,11.0,0.6043593197147711,High School,Full-time,Married,1
29,57808.04687832534,344,30.0,0.7636922693503205,Bachelor,Full-time,Married,1
26,27799.23789817096,382,26.0,0.5234013709220082,Bachelor,Full-time,Married,0
24,,422,31.0,0.2267726253196457,Bachelor,Full-time,Married,1
45,55562.12038183922,657,9.0,0.6665219766930349,PhD,Full-time,Single,0
31,51155.911711704386,827,2.0,0.08010572660960225,Bachelor,Full-time,Married,1
48,65393.15502691251,365,26.0,0.4418337048019546,Bachelor,Full-time,Married,0
69,33421.43838268156,674,34.0,0.1633667583984202,Master,Full-time,Single,1
36,53269.549583349064,461,30.0,0.18445905105988336,High School,Self-employed,Divorced,1
75,35662.67559284818,679,14.0,0.20229394915820365,Bachelor,Part-time,Married,1
64,81173.59820177965,657,15.0,0.3867070570439779,Bachelor,Full-time,Married,1
33,,487,12.0,0.051150205620397626,Bachelor,Self-employed,Single,1
70,51263.30918614347,621,34.0,0.3977934409290982,Master,Self-employed,Married,0
22,56586.31570303551,749,10.0,0.5117074471147008,Bachelor,Full-time,Single,1
52,57896.51488815402,773,20.0,0.4832942849663252,Master,Full-time,Single,1
29,38375.296538343355,312,10.0,0.38278410040304056,Bachelor,Part-time,Married,1
42,32089.811957098045,483,29.0,0.8391466080707525,Bachelor,Self-employed,Married,1
69,38664.09653907802,410,34.0,0.1453266924205041,Master,Unemployed,Married,1
76,60566.50868420565,807,21.0,0.505696743781374,High School,Self-employed,Single,1
38,47123.084581760726,589,37.0,0.062041416956554296,High School,Part-time,Married,0
53,65924.17616905044,594,30.0,0.07115567887790974,Bachelor,Full-time,Single,1
70,59540.07438790146,750,13.0,0.5738658496770963,High School,Full-time,Divorced,0
40,4461.746038007855,514,23.0,0.566018424887821,High School,Full-time,Married,0
33,54949.95593674422,326,31.0,0.878033512844457,Bachelor,Full-time,Married,1
74,95009.0953563254,530,35.0,0.5578736756600732,Bachelor,Part-time,Single,1
56,76505.38102076662,620,31.0,0.9597910204048502,Bachelor,Full-time,Single,0
62,58440.26321413938,532,14.0,0.04869484839992977,PhD,Part-time,Divorced,1
70,28812.15739060112,736,34.0,0.09800768478074107,Bachelor,Full-time,Single,1
59,59551.07432251292,832,2.0,0.04406586157038139,Master,Full-time,Married,1
75,64794.99879756518,702,15.0,0.18527685033354002,High School,Full-time,Married,1
56,44925.06638344832,352,4.0,0.5412701109416781,Bachelor,Full-time,Single,1
31,56334.84117608875,612,20.0,0.645572181427428,Master,Part-time,Married,0
48,80193.2491679208,580,9.0,0.0455851579486688,Bachelor,Part-time,Married,0
75,32854.511605165484,330,18.0,0.9459708898455993,Master,Unemployed,Single,0
22,28834.00790081746,636,24.0,0.842165376650381,Bachelor,Full-time,Single,0
52,63853.98651988425,482,3.0,0.2966124821570931,High School,Full-time,Single,0
40,59150.85272396161,322,,0.07718753022646796,Bachelor,Full-time,Divorced,1
46,70576.76590825623,843,18.0,0.16988707321905727,Bachelor,Full-time,Married,0
60,61395.87623807539,745,1.0,0.12694441375497267,Master,Self-employed,Single,0
28,38644.89873651612,373,9.0,0.12328377929894685,High School,Part-time,Single,1
35,58643.8530293081,309,24.0,0.5185616886657339,PhD,Self-employed,Married,0
64,27157.469134076528,783,19.0,0.2458474424934003,PhD,Full-time,Married,1
29,44993.625765340126,755,18.0,0.35813971652914445,High School,Self-employed,Married,1
26,60055.98461932808,459,22.0,0.9895053333843224,Bachelor,Full-time,Single,1
27,42789.715665522206,313,23.0,0.6843142489253448,Master,Self-employed,Single,1
75,99361.04364459653,477,10.0,0.9489806670470013,PhD,Full-time,Married,1
61,12156.315023526662,711,33.0,0.1425565550331156,Bachelor,Full-time,Divorced,1
34,39050.19286002379,352,27.0,0.38213947483256927,Bachelor,Full-time,Single,0
78,31244.403322601793,707,4.0,0.5547318032823543,Bachelor,Self-employed,Married,1
55,35993.02385084093,321,4.0,0.07675806188873802,Bachelor,Full-time,Married,0
24,37140.03553038243,329,20.0,0.004187443627957865,High School,Full-time,Married,0
63,23471.586262820136,559,11.0,0.6704343337969175,Master,Self-employed,Single,1
30,65054.042971452545,504,3.0,0.6418195168014353,High School,Full-time,Married,0
57,39058.09405225797,358,19.0,0.41078880999961176,High School,Full-time,Married,1
59,53271.46671177309,770,37.0,0.48964407603203264,Bachelor,Full-time,Married,1
26,,765,24.0,0.4154430005920896,Bachelor,Full-time,Single,0
67,36182.391754275806,311,13.0,0.024005044844888856,Bachelor,Self-employed,Single,0
44,83445.58472173699,589,10.0,0.3353716062174624,Bachelor,Part-time,Single,0
75,68458.64364418815,653,31.0,0.17708225539728983,Bachelor,Full-time,Married,1
19,12635.992000897102,374,10.0,0.09842418910136874,High School,Unemployed,Single,0
22,10517.251033282262,740,17.0,0.9567204338893498,Bachelor,Full-time,Married,1
46,70852.17671272974,540,26.0,0.5993597250421656,PhD,Full-time,Single,1
54,39602.93216902492,453,17.0,0.7286562842366027,Bachelor,Full-time,Married,1
55,17018.353321315546,395,22.0,0.3153637432661175,Bachelor,Full-time,Married,1
36,70914.70265080682,593,10.0,0.3931471294940152,Bachelor,Full-time,Single,1
25,53382.4810019818,508,20.0,0.23692399389672347,PhD,Self-employed,Single,1
65,55031.421696646394,642,4.0,0.09696567096542474,High School,Part-time,Single,0
62,66190.78544011815,387,22.0,0.1790316374415838,Bachelor,Full-time,Married,1
18,23800.456834352128,689,24.0,0.7975140452964858,Master,Full-time,Married,1
39,17369.983572316716,624,9.0,0.6775458051837758,Bachelor,Part-time,Single,1
69,81619.08589806403,456,21.0,0.5469288759854769,High School,Self-employed,Married,0
34,21256.664785154153,436,18.0,0.47508987286676807,Bachelor,Self-employed,Single,1
24,,727,0.0,0.9224342836561245,High School,Full-time,Single,0
42,29551.29240908468,751,6.0,0.0727349477786684,Bachelor,Part-time,Single,0
62,91598.91847381044,440,3.0,0.28060081323791597,Master,Full-time,Divorced,1
21,59867.66600823045,382,0.0,0.34993785357071405,High School,Full-time,Single,0
53,69308.1594887076,476,14.0,0.7824258122127878,Master,Full-time,Single,1
23,53923.35091157457,497,39.0,0.9925146201619713,High School,Full-time,Single,0
77,37962.255775975325,720,11.0,0.24067051475715306,Master,Full-time,Single,1
48,62625.82566520336,700,21.0,0.8743073341370806,Bachelor,Full-time,Married,1
36,18867.68058406393,770,21.0,0.8306227604317913,High School,Full-time,Single,1
78,28094.330958070106,517,16.0,0.22465739764176662,High School,Part-time,Single,0
61,64659.50358522962,474,28.0,0.3993325801992226,PhD,Full-time,Married,1
71,22854.895383464398,322,13.0,0.4096728692925191,High School,Full-time,Single,1
56,46218.370616762535,534,19.0,0.9782206685265583,High School,Full-time,Married,0
44,47129.75311289176,312,32.0,0.18089190137889832,Bachelor,Unemployed,Married,0
27,39426.759933256755,400,14.0,0.799157971104782,Bachelor,Full-time,Single,0
43,10977.63050302286,835,11.0,0.3341927141731099,Bachelor,Full-time,Married,1
36,37421.42217622615,822,39.0,0.7308703457761604,High School,Full-time,Single,0
56,33500.63246135029,751,19.0,0.42001100429566285,High School,Self-employed,Married,0
79,53228.79726575397,730,29.0,0.57835976311654,High School,Unemployed,Married,1
20,52209.810773989375,832,37.0,0.8326117733261311,High School,Full-time,Single,0
62,57559.229198737485,592,2.0,0.8041655649838841,Bachelor,Full-time,Married,0
30,36480.27454051205,400,,0.8664231835397002,Master,Self-employed,Divorced,0
67,60455.55900931784,801,25.0,0.05961732534465902,High School,Full-time,Divorced,1
45,18879.865344526337,603,29.0,0.6920505530397448,Bachelor,Part-time,Married,0
79,13561.905346952919,839,12.0,0.13998737672176287,Bachelor,Full-time,Married,1
75,3288.5455166674406,654,,0.415818568018411,PhD,Full-time,Single,0
37,40014.05520856006,602,1.0,0.5485884150546885,PhD,Full-time,Single,1
45,34934.035513228846,795,36.0,0.40273948474683074,Master,Full-time,Married,0
25,65786.312237092,526,37.0,0.5196116758030075,High School,Part-time,Single,0
78,37026.7482590226,535,1.0,0.9965263087986191,High School,Self-employed,Divorced,1
58,55467.52695888535,754,35.0,0.13521731371285473,Bachelor,Full-time,Single,0
56,66265.93153166154,312,25.0,0.6754560453364256,High School,Self-employed,Single,0
18,,509,10.0,0.3960009663856152,Bachelor,Full-time,Single,1
20,55961.04420214351,696,7.0,0.13300979890732878,Master,Full-time,Married,1
30,70038.5509791039,399,39.0,0.15873676337430953,Master,Full-time,Married,1
45,25236.744503888654,330,21.0,0.9492731062456169,Master,Self-employed,Married,1
79,50497.04676489288,827,19.0,0.879601496711762,Bachelor,Part-time,Single,1
74,36359.31233601371,628,7.0,0.9070419604150218,Bachelor,Part-time,Married,1
77,26510.20235013723,465,28.0,0.9915327758273865,Bachelor,Self-employed,Single,1
66,19270.96519019542,758,39.0,0.20831539000851795,High School,Part-time,Divorced,1
42,26187.02855642599,399,25.0,0.35543933736406175,Master,Unemployed,Married,1
73,51200.58011504025,472,29.0,0.6692190299248667,High School,Part-time,Single,0
50,17783.110888765066,461,16.0,0.48380253986064725,Bachelor,Self-employed,Married,0
55,38985.45951822725,562,19.0,0.4183895333783335,Bachelor,Full-time,Married,1
70,66263.88813705795,573,15.0,0.35781124933559305,Bachelor,Full-time,Single,0
23,58980.219268378714,302,6.0,0.5937806319434522,Master,Full-time,Divorced,0
75,39389.84754123686,327,15.0,0.575593428640082,Bachelor,Full-time,Married,0
61,83793.80826717448,625,26.0,0.16145783406424008,Master,Full-time,Single,1
62,87860.72827823322,448,22.0,0.47173983751843906,High School,Full-time,Single,1
49,50522.44863079451,839,23.0,0.5534717762098499,Bachelor,Part-time,Married,0
62,,787,8.0,0.5702869387313905,Master,Full-time,Married,0
78,67728.9639403252,737,34.0,0.2101071929123518,Bachelor,Full-time,Married,1
64,4120.473199328289,364,19.0,0.7422713922522868,PhD,Full-time,Married,0
38,79522.92221440132,655,36.0,0.025199094821069634,High School,Unemployed,Married,1
33,71671.69801484598,832,16.0,0.35483185554316266,Bachelor,Full-time,Divorced,1
71,85484.25008276041,551,30.0,0.7802126485356335,Bachelor,Full-time,Married,1
38,55205.311167354535,534,7.0,0.5638929210554023,PhD,Part-time,Married,1
28,42772.28465636324,526,14.0,0.26116243251086024,High School,Part-time,Single,0
77,40997.97732619552,824,30.0,0.6949531193430477,Master,Full-time,Single,1
54,39074.796579382055,612,29.0,0.5673909441560734,Bachelor,Full-time,Single,0
53,69621.37307349406,348,19.0,0.7962436094563872,High School,Full-time,Married,0
52,64245.42979011756,417,38.0,0.7350251861898234,Bachelor,Unemployed,Divorced,1
36,52404.51266868426,353,11.0,0.6101079220362347,Bachelor,Full-time,Single,0
37,35556.373841460554,343,16.0,0.488177675310814,Bachelor,Full-time,Single,0
74,102584.25262600546,352,29.0,0.1331821256675234,Master,Full-time,Divorced,1
35,68247.49227925739,824,28.0,0.26133301788538377,Bachelor,Full-time,Single,1
64,18045.76160453182,401,18.0,0.41909947291708527,Bachelor,Part-time,Married,1
58,39674.87968125746,697,10.0,0.5992992870063887,Bachelor,Full-time,Married,0
66,68635.52194817411,437,33.0,0.5137078552153048,High School,Full-time,Married,1
31,34009.22157534632,686,6.0,0.2881845259595295,High School,Full-time,Single,1
32,57030.959176517776,410,33.0,0.006464357789710551,Bachelor,Full-time,Single,0
48,69015.92600672296,316,19.0,0.49623922190081393,Bachelor,Full-time,Married,1
18,-17768.56165312786,481,37.0,0.2856259885622431,High School,Self-employed,Divorced,0
70,47839.24600421499,835,23.0,0.7346083007105351,Bachelor,Part-time,Married,1
71,48624.18307130244,840,9.0,0.02394626527048349,Bachelor,Self-employed,Single,1
71,41758.55088632421,470,31.0,0.5848278113057909,High School,Self-employed,Married,0
20,56033.902698920814,708,14.0,0.9414742375060654,Bachelor,Part-time,Divorced,1
33,63150.39214991749,677,36.0,0.1744092671114995,High School,Full-time,Married,1
40,52841.01888649218,487,19.0,0.47164949075059537,PhD,Part-time,Divorced,0
74,,529,2.0,0.09142199181713817,Master,Self-employed,Single,0
28,62652.42599568539,418,36.0,0.6256819122613526,Master,Part-time,Single,1
29,50981.06818548714,455,39.0,0.5505316805962256,High School,Full-time,Married,1
27,45385.99173609044,764,7.0,0.40736552421283234,Master,Full-time,Married,1
49,23754.412293221616,403,39.0,0.5213770214737412,Master,Self-employed,Single,0
33,18746.904294678432,801,22.0,0.8965746584690102,Master,Part-time,Single,0
25,23375.404145718592,474,39.0,0.19629430231106704,High School,Unemployed,Married,1
55,55566.5812244043,720,10.0,0.022564511705347234,Bachelor,Full-time,Single,0
29,,433,7.0,0.861664884699101,Master,Full-time,Single,1
41,20394.318035850734,690,28.0,0.5771170823879065,Bachelor,Full-time,Married,0
45,,800,29.0,0.8906584554618424,Bachelor,Part-time,Married,1
70,77486.1902635819,332,9.0,0.5969452234131726,Bachelor,Full-time,Married,1
25,38030.12766567328,354,38.0,0.8101610899597025,Bachelor,Full-time,Single,0
75,15180.362852632521,818,27.0,0.42967336335514794,High School,Unemployed,Married,1
45,35817.472301961745,311,35.0,0.7498599312882688,Bachelor,Full-time,Married,0
53,67089.21253589388,827,12.0,0.913041466889856,High School,Self-employed,Married,0
43,60970.59717069548,672,31.0,0.5721229637222063,Bachelor,Full-time,Married,0
25,31551.346279770423,783,35.0,0.18078515056237954,High School,Self-employed,Single,1
75,80423.44275529483,527,36.0,0.26879761503019817,Bachelor,Full-time,Single,0
77,76965.60131852797,606,25.0,0.19864457689740578,High School,Self-employed,Single,1
67,35339.87873446718,756,21.0,0.24685702759573291,Bachelor,Self-employed,Single,1
45,35134.199940700666,459,3.0,0.3064154493510364,Master,Full-time,Married,0
45,38143.44125241021,630,30.0,0.5551337867531885,High School,Full-time,Married,0
54,39853.34449222908,524,17.0,0.5879916294638328,High School,Full-time,Married,1
58,69010.76015856888,803,37.0,0.4264997472418611,High School,Part-time,Married,1
53,58506.58120953188,755,23.0,0.6154207798208354,Master,Self-employed,Single,0
44,67541.57538701175,344,22.0,0.08157492561136592,Bachelor,Full-time,Married,1
71,63471.302863733996,513,21.0,0.08778823705815997,Bachelor,Part-time,Single,0
34,84290.54136387464,358,1.0,0.17182946035765845,High School,Full-time,Single,0
26,28812.28912381719,494,30.0,0.5180774980403448,Bachelor,Self-employed,Single,0
50,57607.17060767832,788,10.0,0.21399467869831357,Master,Unemployed,Married,1
70,6523.574875306055,456,27.0,0.28328440349257733,Master,Full-time,Divorced,0
37,23660.88851806283,525,31.0,0.40031283617299407,Bachelor,Full-time,Single,1
30,,711,4.0,0.8118661240103798,High School,Full-time,Single,0
45,58364.13225509072,504,37.0,0.013862135912860118,High School,Full-time,Married,0
65,47963.68515940861,378,9.0,0.6493788202366224,High School,Full-time,Single,1
46,38656.15162374644,423,39.0,0.6688765310406853,High School,Full-time,Married,1
30,42211.64245013925,770,23.0,0.7986557803566365,High School,Full-time,Married,1
63,77388.81952848208,517,34.0,0.9327529390603132,High School,Full-time,Divorced,0
52,42319.35644239719,815,22.0,0.020137848949289827,Bachelor,Full-time,Married,1
78,84984.83244087055,403,16.0,0.15378370551321618,PhD,Full-time,Married,1
23,65880.34147082266,692,0.0,0.886171294055993,Bachelor,Full-time,Married,1
35,59150.7469229646,733,30.0,0.45851856218701537,Master,Part-time,Married,1
68,26128.061793580095,630,30.0,0.5645906389334635,Master,Part-time,Married,0
22,68704.76322799253,442,33.0,0.6630272037231474,High School,Full-time,Single,1
64,40124.588445030015,839,8.0,0.6790666044956374,Master,Full-time,Married,1
42,26111.204839886002,577,21.0,0.9317404033165082,High School,Part-time,Married,0
19,60256.872261587545,532,12.0,0.9969494174116696,Bachelor,Unemployed,Married,0
27,22241.078788669205,828,24.0,0.7201574609309402,Bachelor,Full-time,Married,1
73,34755.170757408356,389,17.0,0.2872212092051508,PhD,Full-time,Married,0
47,49797.68177062177,791,11.0,0.8797524022943436,High School,Full-time,Single,0
67,94368.42848229455,498,39.0,0.04922091454076161,High School,Full-time,Married,0
76,36261.68488415025,661,16.0,0.2310808528744962,PhD,Full-time,Married,1
62,40835.66961398849,740,14.0,0.8973857174637149,High School,Full-time,Divorced,1
22,64646.901088432896,325,14.0,0.25619151443935495,Bachelor,Part-time,Divorced,0
72,25234.086232479083,324,14.0,0.22065105962174847,Master,Full-time,Single,0
73,58856.12762041831,693,38.0,0.13812529314024724,Master,Full-time,Married,1
50,74118.53615233176,806,12.0,0.8591117576469165,PhD,Full-time,Single,1
71,43858.102305777975,600,16.0,0.5000582591910867,PhD,Full-time,Single,1
18,70523.08562793731,638,31.0,0.6748932030541548,High School,Full-time,Married,1
35,55828.99846423613,566,8.0,0.23906638407502967,Master,Full-time,Single,1
49,35386.36072392439,760,39.0,0.7580404210112165,Bachelor,Self-employed,Married,1
64,46043.906282069875,755,19.0,0.7600055449620985,Bachelor,Full-time,Single,0
66,,659,25.0,0.31259802490830013,High School,Part-time,Single,1
