square_feet,bedrooms,bathrooms,year_built,lot_size,garage_spaces,neighborhood,condition,price
1660,2,2,1971.0,6017.0,2,Urban,Fair,479244.92796903284
4572,5,4,1970.0,,2,Rural,Fair,984312.4094958998
3892,1,2,2000.0,12278.0,2,Suburban,Good,872153.6284168343
1266,1,4,1987.0,12996.0,1,Rural,Fair,407697.5731999428
4244,1,4,1969.0,3134.0,1,Suburban,Good,852023.0273239159
3971,1,4,1978.0,7119.0,3,Suburban,Good,899985.6716434744
3719,1,2,2000.0,7694.0,2,Suburban,Excellent,830068.9588620217
930,5,4,1953.0,6164.0,2,Suburban,Fair,480775.97881363565
2485,3,3,2004.0,7039.0,0,Rural,Excellent,666886.7962005703
1569,2,1,2020.0,16631.0,3,Suburban,Good,516204.8451278981
3191,1,1,1977.0,12442.0,0,Urban,Good,719296.0082527789
3233,3,4,1953.0,10252.0,3,Urban,Good,850408.4711990563
1984,3,1,1971.0,19721.0,3,Urban,Excellent,628039.7180454696
4185,2,2,1994.0,19568.0,1,Urban,Fair,953181.3246107603
4917,5,2,2016.0,3551.0,1,Urban,Fair,1040127.9057890377
3704,4,1,2015.0,14625.0,0,Suburban,Excellent,836581.3377363284
1274,4,2,1983.0,3629.0,3,Suburban,Excellent,502334.779135568
1882,3,1,2004.0,19910.0,2,Suburban,Excellent,611725.959516204
3358,2,1,1950.0,3361.0,1,Suburban,Fair,643475.4465365072
2847,4,1,2021.0,6370.0,2,Urban,Good,742674.220274679
3547,3,4,1987.0,7283.0,0,Urban,Good,782039.4118224098
1775,5,1,1955.0,9610.0,1,Urban,Excellent,574571.2912224536
2606,4,4,1974.0,,1,Suburban,Fair,785225.2275750794
989,3,1,1966.0,16924.0,3,Urban,Fair,478476.6718022083
3534,3,1,2010.0,16839.0,0,Urban,Fair,805852.2528149794
3805,1,1,1961.0,13949.0,3,Suburban,Fair,846119.9782030119
2699,5,2,1955.0,12626.0,1,Suburban,Excellent,713718.693176686
2067,1,4,1976.0,3993.0,0,Urban,Excellent,559404.1454059358
2328,2,4,1957.0,2869.0,1,Suburban,Excellent,575579.4577021213
4002,1,1,2014.0,3014.0,0,Suburban,Good,803052.3963599806
4356,1,1,2006.0,12103.0,1,Suburban,Excellent,960973.8886629138
4690,4,2,1989.0,18986.0,2,Rural,Good,1000959.8130232043
1446,3,2,1963.0,14013.0,2,Urban,Good,474651.70887772733
3688,5,2,1984.0,2690.0,3,Urban,Poor,889379.0002355826
3235,1,4,1997.0,18873.0,2,Rural,Fair,812729.0150326304
1400,5,4,,12748.0,1,Suburban,Fair,504387.586007558
3163,1,4,1998.0,10024.0,1,Suburban,Fair,745371.6302433934
2861,2,1,1962.0,18678.0,2,Suburban,Excellent,743335.1605634587
1041,1,4,2010.0,7488.0,3,Suburban,Fair,402965.7408533674
2841,4,3,1998.0,13035.0,2,Rural,Good,701494.329999923
3624,3,3,1995.0,14855.0,0,Rural,Fair,838127.5103633967
3412,2,2,2011.0,4817.0,0,Suburban,Good,754757.1159437158
2163,1,4,1957.0,,0,Urban,Poor,560872.7937228016
2278,5,3,1992.0,7307.0,2,Rural,Good,628581.919415004
3356,2,2,1969.0,10933.0,2,Urban,Good,766507.7238665012
1575,2,4,1988.0,19063.0,2,Urban,Poor,509915.79376178165
4814,1,1,1998.0,12659.0,0,Rural,Excellent,940554.1591064536
834,2,3,2013.0,7738.0,3,Urban,Fair,466454.7913836267
3952,5,1,2011.0,7668.0,1,Urban,Fair,872932.3673985404
2755,2,4,2003.0,16427.0,2,Urban,Fair,709212.5591719978
2385,5,3,1958.0,9697.0,3,Rural,Poor,661304.93699371
4743,1,4,1986.0,18446.0,1,Suburban,Poor,1023282.3999533901
3873,3,1,1998.0,9829.0,1,Suburban,Excellent,854517.8211795647
1821,2,3,1990.0,12751.0,1,Urban,Fair,554442.0660590108
4261,3,1,1966.0,15450.0,3,Suburban,Fair,930317.0935165627
3413,5,4,1970.0,9352.0,3,Suburban,Fair,847043.5159411202
4643,2,4,2000.0,15516.0,0,Urban,Excellent,1082033.8800726195
2300,4,1,2008.0,10326.0,3,Suburban,Fair,716747.2772777266
961,3,3,1988.0,5644.0,3,Urban,Poor,388095.0933442863
2781,2,1,2004.0,10003.0,3,Rural,Poor,679057.6539167394
1795,3,4,1990.0,5278.0,1,Suburban,Good,561797.7910307
4142,2,1,1988.0,9296.0,2,Rural,Excellent,906426.0281656248
4598,1,4,1962.0,5074.0,0,Urban,Good,955800.6353379703
2075,3,1,2013.0,15261.0,2,Suburban,Fair,608889.6937980714
1816,4,3,1960.0,13173.0,2,Suburban,Fair,604065.688273231
1137,4,3,1968.0,10312.0,3,Suburban,Good,487285.32686445606
1678,5,1,1960.0,3637.0,0,Rural,Excellent,469655.95733685436
1876,2,1,1995.0,15652.0,2,Urban,Good,614485.8934679505
4793,3,3,1994.0,7103.0,2,Urban,Good,1009135.1465363149
1179,5,4,1950.0,19028.0,0,Suburban,Poor,544261.177749247
1292,3,3,1989.0,4032.0,3,Suburban,Fair,462382.42749262496
2862,2,4,1968.0,4761.0,2,Suburban,Good,625221.7504663228
4684,4,1,2021.0,17195.0,1,Urban,Good,1044843.5264861118
864,1,1,2021.0,18625.0,2,Suburban,Excellent,456270.1458507386
3368,4,4,,4668.0,1,Urban,Poor,809359.9800827452
2827,5,1,1961.0,16638.0,3,Suburban,Good,694338.0366471345
3495,1,4,2010.0,17954.0,2,Suburban,Good,896642.5038347848
2295,5,2,1982.0,,0,Suburban,Good,704261.2515381484
1191,2,3,1994.0,14356.0,0,Urban,Fair,483742.17873809417
4361,1,2,2018.0,2195.0,2,Suburban,Fair,847926.7154346526
3078,5,4,1957.0,4187.0,3,Urban,Fair,805079.6906443997
3899,2,3,1974.0,13707.0,3,Urban,Good,968429.6043376011
1000,4,4,1995.0,4330.0,0,Suburban,Good,425097.8104911793
3904,2,3,1979.0,,2,Rural,Excellent,886140.3811607121
3254,3,3,1996.0,2060.0,3,Urban,Fair,781356.9219767603
4445,2,3,1998.0,16387.0,0,Suburban,Excellent,964602.0175588941
1604,2,3,1996.0,5927.0,1,Rural,Good,537606.7191277302
3531,3,4,1967.0,8296.0,2,Suburban,Fair,824379.207196668
3573,5,3,2015.0,15622.0,1,Urban,Fair,934854.3600631913
2370,5,3,2017.0,16125.0,1,Rural,Good,699544.4368581972
3490,2,2,1982.0,4591.0,3,Urban,Good,771565.2006401145
4640,3,1,1985.0,14127.0,3,Urban,Excellent,1047169.3973402737
1828,3,1,1968.0,17748.0,3,Urban,Fair,637383.9117044999
1302,4,2,1977.0,8121.0,2,Suburban,Fair,463115.20563442935
1670,5,2,1989.0,3200.0,1,Urban,Good,558197.4626327759
1006,1,4,1964.0,17721.0,2,Urban,Good,523194.8541593875
2284,5,4,1990.0,13087.0,3,Urban,Fair,722025.1946258728
1663,5,4,1988.0,8972.0,1,Suburban,Fair,591618.2893350737
3590,4,2,1951.0,2136.0,2,Rural,Good,789000.515202191
1363,1,2,2012.0,19413.0,2,Urban,Good,529611.5715336906
4991,4,3,1978.0,17346.0,0,Rural,Excellent,1086675.1277959978
2557,1,4,2023.0,2661.0,2,Rural,Excellent,656188.0833304352
2478,2,4,2015.0,4472.0,3,Suburban,Poor,637532.5441936762
4042,1,4,2000.0,,2,Urban,Fair,879202.9549496998
1859,4,1,1959.0,12704.0,1,Suburban,Fair,528460.4174963369
2522,5,3,1963.0,8219.0,2,Rural,Excellent,673642.3726311852
4114,1,4,2000.0,18322.0,0,Suburban,Fair,860898.7681753862
3957,1,4,2022.0,16749.0,1,Urban,Good,921191.1296829683
3425,3,4,1988.0,8968.0,1,Suburban,Good,796124.9189438934
3529,5,1,1977.0,15596.0,0,Suburban,Good,836803.7813123508
2397,2,1,1952.0,3700.0,3,Suburban,Excellent,615409.7789574347
3860,4,2,2019.0,4700.0,1,Urban,Fair,818229.7723987469
3493,2,3,1976.0,13821.0,3,Urban,Good,794814.8731623867
4427,5,2,1951.0,7520.0,1,Suburban,Excellent,952677.6235004616
2163,1,3,1987.0,13510.0,1,Rural,Excellent,602336.9148075997
2781,1,1,1952.0,5687.0,3,Urban,Excellent,673250.9484105906
2463,5,4,1965.0,18980.0,1,Rural,Excellent,721898.1300126723
2329,1,2,1989.0,10837.0,3,Urban,Good,671117.2469646939
2838,1,4,1951.0,16955.0,0,Suburban,Fair,664222.7019464498
4102,1,2,1990.0,13281.0,3,Suburban,Excellent,928578.6195838138
3037,4,1,1961.0,15917.0,0,Suburban,Excellent,757751.4101739748
2106,4,1,1984.0,6757.0,1,Rural,Good,528621.7094701903
4829,3,1,2014.0,15045.0,3,Urban,Fair,1031422.9963565578
3475,2,2,2004.0,10912.0,1,Rural,Good,787830.0115444068
2082,5,3,1994.0,6733.0,3,Urban,Good,686795.7543542826
1509,5,2,2011.0,9081.0,0,Suburban,Good,574298.0799132963
4548,5,3,1998.0,10690.0,0,Suburban,Good,1028479.5824761124
1463,3,2,1974.0,3673.0,3,Suburban,Excellent,454479.9161047734
2798,4,2,1972.0,16318.0,0,Urban,Fair,798722.4450292639
4245,3,1,1973.0,13171.0,1,Rural,Fair,873360.070421754
4543,5,4,1987.0,15545.0,1,Urban,Good,1096115.146631647
2295,2,4,1977.0,13803.0,2,Urban,Fair,648459.8696151032
4104,1,3,1970.0,4294.0,0,Suburban,Fair,838465.3487990212
4563,4,4,2003.0,5630.0,1,Suburban,Good,969306.7731819963
2653,4,2,1967.0,17093.0,3,Suburban,Good,763209.8723299048
2091,3,2,1985.0,18530.0,0,Urban,Excellent,604411.0015325889
4381,4,1,1994.0,16453.0,1,Urban,Excellent,1039731.2556405055
4257,5,1,2022.0,14174.0,0,Suburban,Fair,921033.4876508171
2436,5,4,2002.0,5453.0,3,Suburban,Fair,709974.8356128137
4496,3,3,1979.0,6507.0,1,Urban,Poor,990155.2140023853
3799,5,4,2009.0,12602.0,2,Suburban,Fair,960041.5212350131
3952,2,4,1981.0,7628.0,2,Suburban,Excellent,936171.4501035268
1498,3,4,2016.0,10328.0,0,Suburban,Excellent,595965.4533094342
2960,2,4,2016.0,17534.0,3,Suburban,Fair,771941.5177127037
4897,1,2,1977.0,5552.0,1,Suburban,Good,966759.9052142357
1654,2,3,1993.0,18402.0,3,Suburban,Fair,517862.4931217457
4274,1,2,1990.0,4242.0,1,Suburban,Fair,814701.9074616724
2507,1,3,2012.0,16665.0,0,Urban,Fair,710154.6466485215
3577,2,1,1972.0,7097.0,1,Suburban,Fair,729483.8959272134
2533,3,4,1997.0,10640.0,3,Suburban,Excellent,683609.9433998776
4310,5,2,1981.0,3948.0,3,Suburban,Fair,995150.9675199407
1002,5,3,,7618.0,0,Urban,Fair,491257.5084950916
4055,1,1,1982.0,6236.0,3,Rural,Good,826364.3466091737
1566,1,1,1973.0,3920.0,1,Suburban,Fair,374585.91395234305
3127,3,4,1988.0,13169.0,0,Urban,Good,815416.6971158962
3731,4,3,1983.0,6188.0,1,Suburban,Poor,842817.2491266759
997,2,2,2005.0,14207.0,3,Rural,Excellent,426440.45430128975
2730,1,4,1977.0,2238.0,0,Urban,Good,642095.4094343053
4382,5,2,1986.0,2204.0,1,Rural,Excellent,884305.9686165095
1408,3,1,1956.0,12799.0,3,Suburban,Fair,465793.71401371993
4072,2,2,2017.0,7552.0,3,Suburban,Excellent,944275.3877177946
1947,3,2,1986.0,6927.0,2,Urban,Good,565279.5522302374
4197,2,4,2005.0,13164.0,3,Urban,Good,1043088.9350927966
3311,2,2,2014.0,6390.0,1,Rural,Poor,660517.2546239482
2594,1,4,2014.0,17641.0,0,Urban,Good,714499.7395061322
1459,3,1,1996.0,8160.0,2,Suburban,Excellent,490957.1010915762
3611,3,4,1969.0,17810.0,3,Urban,Fair,897794.5750588139
2169,5,4,1968.0,7126.0,3,Urban,Good,734124.2434642276
2786,5,3,1978.0,2816.0,3,Urban,Poor,704446.3351060771
946,1,2,2023.0,15414.0,1,Suburban,Excellent,434931.8840721141
4019,1,1,2009.0,2192.0,2,Rural,Fair,780945.1725816942
3711,4,4,1967.0,5645.0,1,Urban,Good,879169.7633975296
2534,5,1,1984.0,14816.0,2,Urban,Excellent,764435.2484792701
2643,2,3,1992.0,,0,Urban,Fair,628061.7098120133
1288,3,2,1960.0,9374.0,1,Suburban,Good,455922.4958519251
3776,1,4,1998.0,5700.0,1,Suburban,Fair,835847.3535461858
2759,3,2,1987.0,12655.0,0,Rural,Good,620339.3705075706
3185,3,3,2013.0,17129.0,2,Suburban,Good,811975.7254790291
3719,4,3,2018.0,11359.0,3,Suburban,Good,862178.7511142399
2602,5,1,1957.0,5893.0,0,Urban,Poor,667374.2709083123
4861,1,4,1983.0,8811.0,3,Rural,Good,1019469.1163594341
4169,3,1,1997.0,11288.0,3,Urban,Good,937787.7003812387
1062,1,3,2005.0,2504.0,0,Urban,Good,367154.39956454106
1423,2,2,2014.0,11813.0,2,Suburban,Good,478227.6064563639
1816,4,1,1980.0,16671.0,3,Suburban,Good,599843.2837638177
4443,2,1,1953.0,,0,Suburban,Poor,870613.8386382542
2849,1,2,1999.0,13186.0,1,Suburban,Good,718134.953355401
4523,1,1,2018.0,8773.0,1,Suburban,Fair,874248.7189667096
3908,5,2,1979.0,5816.0,1,Urban,Excellent,935832.3501455758
4890,3,4,2008.0,2717.0,0,Suburban,Fair,979920.8991225639
2856,3,2,2016.0,13676.0,1,Suburban,Poor,700437.2913428049
3970,2,4,1994.0,6434.0,3,Suburban,Excellent,902758.7180997707
2482,4,2,1953.0,,1,Suburban,Poor,692106.1514561294
3055,3,3,1975.0,7057.0,1,Urban,Good,781483.0016964511
1954,5,3,1976.0,6994.0,3,Suburban,Poor,601510.8043852453
3991,2,4,1995.0,6234.0,1,Suburban,Fair,819201.8560760668
2496,2,4,2013.0,5764.0,3,Urban,Good,727711.4440979632
4791,5,3,2000.0,13181.0,1,Suburban,Excellent,1070609.9185054365
2448,4,4,1999.0,6637.0,3,Rural,Good,685709.695030326
2245,5,2,1955.0,4104.0,1,Suburban,Excellent,632025.0199688873
4999,4,2,2008.0,11447.0,3,Rural,Excellent,1074327.8972296135
4723,5,3,1964.0,12674.0,0,Urban,Excellent,1062210.7109943598
1053,5,1,1979.0,10385.0,3,Urban,Good,520979.4634124639
3983,1,2,1991.0,13999.0,1,Urban,Fair,753483.1217753746
3357,2,4,,5719.0,1,Suburban,Excellent,827239.1152510111
898,5,1,1991.0,4581.0,2,Urban,Excellent,438729.76676817896
3000,5,1,1984.0,4763.0,3,Urban,Fair,761053.7072925194
3761,3,2,1955.0,7991.0,0,Rural,Excellent,810255.7685380479
4577,2,2,2017.0,12531.0,3,Suburban,Excellent,1053954.3214606245
3669,3,1,1967.0,13064.0,3,Suburban,Excellent,868102.4740661421
4034,2,1,,13312.0,0,Urban,Poor,850786.7245809786
4591,3,3,1978.0,6780.0,3,Urban,Fair,936407.350362671
1756,5,4,2008.0,6177.0,0,Urban,Good,605820.9053538108
4867,5,3,1996.0,17169.0,0,Suburban,Fair,1018149.7371335096
960,1,2,1966.0,8476.0,3,Rural,Good,338525.4288106773
2100,3,3,1971.0,4382.0,3,Suburban,Fair,566631.0813900939
4787,4,3,2017.0,18915.0,1,Urban,Fair,1073427.5206591322
2327,1,3,2018.0,14508.0,1,Suburban,Fair,624843.2097209473
2018,3,3,1986.0,2634.0,2,Urban,Good,584786.8796724238
3904,3,4,1998.0,13996.0,2,Urban,Excellent,962749.4037601366
3535,1,4,1962.0,16162.0,3,Suburban,Good,767335.4814888808
1754,5,1,1983.0,18386.0,0,Suburban,Fair,540688.8445794336
4246,3,2,2002.0,16005.0,2,Urban,Good,1005204.7019556463
1845,5,3,2000.0,10397.0,3,Urban,Fair,665862.6881884233
2493,1,1,1952.0,14327.0,2,Rural,Poor,509421.69846063014
4236,5,1,1991.0,16394.0,0,Urban,Excellent,981428.454562976
1362,2,1,1981.0,4890.0,3,Urban,Fair,474408.9610279738
3285,4,4,2000.0,12858.0,0,Urban,Fair,813498.8355978455
4154,3,3,,10026.0,3,Urban,Poor,940385.2763862467
1025,4,3,1970.0,,2,Urban,Poor,491534.1598704772
1759,5,2,1993.0,2897.0,1,Suburban,Fair,521987.6806566982
3867,3,3,1960.0,11277.0,2,Urban,Good,884293.4176943866
1615,5,3,2017.0,11471.0,2,Suburban,Fair,586393.8992822211
3920,2,1,1950.0,16896.0,1,Suburban,Excellent,926082.3239369949
816,1,2,2012.0,17240.0,1,Suburban,Fair,405986.05508868437
2043,3,3,1973.0,16683.0,3,Rural,Poor,599937.448833393
3005,2,4,1962.0,2670.0,3,Rural,Good,667369.2013295525
3324,2,3,1960.0,19889.0,0,Urban,Fair,817209.5078454337
1869,3,1,2000.0,13767.0,0,Suburban,Good,581975.9930979239
4244,5,4,1966.0,15006.0,2,Suburban,Good,980434.6447157359
3365,2,1,1973.0,17768.0,1,Rural,Good,773688.8457583848
1860,4,3,1968.0,18633.0,0,Suburban,Fair,594630.4314012971
3127,2,4,1986.0,3892.0,2,Rural,Poor,690253.9590388582
4220,5,2,1957.0,5439.0,1,Suburban,Poor,870166.3299103505
1101,5,2,1977.0,4854.0,3,Urban,Excellent,503920.5391651327
1406,4,4,1954.0,13577.0,2,Suburban,Fair,502880.73204331513
3970,2,4,1966.0,13763.0,3,Rural,Fair,832968.4548965109
1499,5,1,1985.0,13618.0,0,Rural,Good,519752.7066128034
1939,3,4,1968.0,10235.0,0,Urban,Excellent,613371.5030367067
990,1,1,2013.0,4618.0,1,Suburban,Good,322100.86990412755
3100,1,3,1960.0,5163.0,2,Urban,Poor,759126.5794246513
1780,1,1,2003.0,4942.0,3,Urban,Fair,462470.3488205219
3775,2,4,1994.0,3925.0,1,Suburban,Fair,843638.08883058
1984,4,4,1996.0,4972.0,0,Urban,Good,574166.090751346
4127,5,3,1961.0,13705.0,0,Suburban,Fair,944770.0700550339
4194,3,4,1970.0,12640.0,2,Urban,Excellent,987783.1889414393
927,3,4,1960.0,12966.0,3,Suburban,Good,453008.29805924784
2865,2,2,1954.0,19374.0,2,Urban,Fair,737522.2697129712
2616,1,2,2005.0,13138.0,3,Urban,Excellent,720457.7956898799
1369,2,3,1969.0,,3,Urban,Fair,508151.04448953865
2695,4,1,1990.0,15145.0,2,Urban,Good,722242.83357639
3533,4,2,1995.0,2489.0,1,Urban,Fair,750677.573640168
4663,5,1,1961.0,13748.0,2,Urban,Good,1050856.9315307115
4814,5,4,2019.0,5516.0,2,Suburban,Good,1039565.8551869998
3701,4,2,1966.0,8410.0,0,Urban,Excellent,868319.2486955154
2486,4,3,1968.0,2053.0,0,Suburban,Excellent,667939.3395236215
3809,4,3,1975.0,18999.0,2,Urban,Poor,943086.6509547216
954,2,3,1997.0,7944.0,2,Rural,Good,372626.0610594823
3337,4,2,2001.0,9404.0,0,Rural,Fair,773334.3723404991
2209,3,1,2019.0,2954.0,3,Suburban,Poor,566380.8556569624
4857,1,4,2004.0,12625.0,2,Urban,Good,1011650.1772298503
1584,4,1,1982.0,3629.0,1,Urban,Good,501233.17486640165
3975,1,1,2011.0,12973.0,1,Rural,Fair,817218.9213395418
3606,2,4,1972.0,8859.0,1,Urban,Poor,798962.5705676962
1337,1,4,1964.0,10841.0,2,Urban,Poor,501100.47244910913
2641,2,2,1976.0,12539.0,3,Urban,Good,681735.2180434705
3255,3,2,2013.0,14682.0,3,Urban,Fair,807133.6041894342
1324,2,2,2000.0,5278.0,0,Urban,Excellent,441607.62952440244
3750,2,2,2002.0,8539.0,2,Suburban,Poor,834706.2861072408
4931,5,2,2000.0,18754.0,3,Urban,Poor,1129822.722897324
4915,4,4,1996.0,2857.0,2,Suburban,Excellent,1038142.1415676808
3168,4,1,1953.0,6886.0,0,Urban,Good,727243.6897315669
4647,3,2,,14945.0,0,Urban,Excellent,925640.4703630292
3501,3,2,1984.0,9485.0,0,Rural,Good,785914.1709039994
1771,4,1,1997.0,15680.0,1,Urban,Fair,580427.6008150508
1966,5,2,2022.0,18767.0,2,Suburban,Good,615547.8554697031
3574,4,1,2021.0,16397.0,0,Suburban,Excellent,837884.5567602776
2782,5,1,1994.0,12744.0,2,Urban,Good,758372.1781232719
1653,3,4,2021.0,6334.0,1,Rural,Poor,468694.8772268549
4946,1,3,1968.0,14226.0,1,Urban,Fair,1033830.4797105817
4536,3,4,2012.0,15440.0,0,Rural,Good,1004157.1865797347
4569,3,3,1987.0,17020.0,0,Urban,Excellent,1057736.0783055362
1374,2,3,2016.0,6251.0,3,Rural,Poor,370224.5919435589
4061,2,3,2008.0,14180.0,2,Urban,Fair,911286.2475737932
1948,2,2,2018.0,18140.0,0,Suburban,Good,578971.5064817283
2515,2,4,1962.0,2922.0,3,Suburban,Excellent,632238.3663768624
4654,5,3,1996.0,9957.0,2,Rural,Excellent,1026429.7415650886
3291,4,1,2010.0,17796.0,0,Rural,Excellent,776842.8537874181
3460,1,2,1980.0,3230.0,3,Suburban,Good,749606.6219885065
3924,3,4,1971.0,12627.0,3,Rural,Poor,898231.5406301331
3851,5,3,1992.0,12006.0,2,Urban,Good,977091.5121527101
804,1,1,2016.0,,3,Urban,Fair,362127.6624486556
1676,5,4,2003.0,16295.0,2,Urban,Good,732352.1908900051
1791,5,4,1959.0,18377.0,2,Urban,Fair,692234.2534350153
4942,3,2,1991.0,2203.0,2,Urban,Fair,992768.2538898234
1435,4,4,2013.0,18544.0,1,Suburban,Excellent,608001.8336939545
2493,2,2,1970.0,17899.0,3,Urban,Good,746585.8148834576
2482,4,3,2015.0,5748.0,2,Suburban,Fair,701767.420482882
919,3,2,1990.0,8718.0,0,Urban,Excellent,402127.1838852731
1630,3,1,1973.0,3093.0,1,Urban,Good,522039.6395768624
4475,3,2,1984.0,17228.0,1,Suburban,Good,982758.7939582821
2169,1,1,2005.0,18034.0,3,Suburban,Poor,575192.6540821992
1540,4,2,1979.0,7710.0,2,Suburban,Good,467673.8242227801
916,4,4,2006.0,11732.0,3,Suburban,Fair,478992.51415906596
3638,5,3,1996.0,5191.0,1,Urban,Good,882288.1724434022
1950,5,1,1984.0,2689.0,2,Suburban,Fair,598564.8296233065
2731,5,2,1968.0,4103.0,0,Urban,Good,730882.0142324605
1812,3,2,1957.0,2365.0,2,Urban,Fair,492638.39835871896
2464,4,2,1975.0,16010.0,1,Suburban,Good,706830.2718265922
1881,3,4,2020.0,13767.0,0,Urban,Fair,643772.4826801847
1312,1,4,1979.0,18103.0,2,Urban,Fair,517393.7216405165
3649,5,1,1956.0,14742.0,0,Rural,Good,804445.3752290639
1359,3,1,2016.0,14391.0,0,Rural,Excellent,470839.8263126966
4472,3,4,2014.0,6172.0,1,Urban,Excellent,1028224.1921137086
4143,1,1,1985.0,17623.0,0,Urban,Excellent,927454.4169657514
4870,2,3,1974.0,4378.0,3,Urban,Fair,983601.3615270937
2270,4,3,1986.0,19589.0,1,Urban,Good,645870.4338483998
1380,2,4,1950.0,14031.0,3,Rural,Good,451439.3181812613
3094,5,1,1964.0,7669.0,0,Urban,Fair,756035.6676483634
3947,3,2,1986.0,4735.0,3,Suburban,Good,802799.8600793238
2479,1,3,1962.0,11867.0,2,Urban,Good,690710.4304910165
4306,1,4,1957.0,10490.0,0,Rural,Excellent,915934.7178341551
3544,4,1,1954.0,2956.0,2,Urban,Poor,777612.8914579962
4156,2,4,2009.0,11306.0,3,Suburban,Fair,950367.9310268583
4845,4,2,2022.0,8623.0,2,Urban,Fair,1064728.2403507666
2043,3,3,1950.0,16908.0,0,Suburban,Good,605483.8061490136
3918,4,4,1985.0,19858.0,2,Urban,Fair,936273.326472343
2941,1,4,1984.0,6460.0,3,Urban,Excellent,782468.1892518506
3859,1,4,2015.0,15986.0,3,Rural,Excellent,946496.900341509
3759,5,2,,14638.0,3,Rural,Excellent,894782.2842727298
3065,5,4,1972.0,4850.0,0,Rural,Good,695662.349844909
3279,3,2,1958.0,15299.0,3,Suburban,Good,801241.0928572798
2435,2,2,1983.0,12698.0,0,Suburban,Good,609453.2621309065
2557,4,2,1995.0,6594.0,2,Urban,Excellent,726368.4772061638
2870,3,3,1953.0,16282.0,3,Urban,Good,817649.8211958116
3649,5,3,1979.0,18285.0,2,Urban,Fair,863904.8868518252
4051,4,4,2021.0,16334.0,1,Suburban,Good,1035258.1585485747
4530,5,4,1952.0,8644.0,2,Urban,Fair,1004519.9467436924
3289,4,3,1963.0,4850.0,1,Urban,Good,807453.3693595148
2431,2,1,2009.0,16933.0,2,Suburban,Fair,665376.775143134
3616,3,3,1994.0,2165.0,0,Suburban,Good,815285.2346259339
1815,4,2,1983.0,12701.0,2,Urban,Good,617112.2431208999
2148,1,3,1994.0,2919.0,0,Urban,Good,565661.8180536024
3887,1,2,2010.0,10305.0,0,Urban,Fair,836245.6615181621
3639,4,4,1965.0,19375.0,3,Urban,Fair,914316.5159766165
1135,4,1,2015.0,17715.0,0,Urban,Good,466583.34425688407
1695,4,4,1989.0,5839.0,1,Suburban,Good,529369.4251670442
4346,1,2,1966.0,19642.0,3,Suburban,Fair,927982.8606150589
1651,1,2,1983.0,13618.0,3,Suburban,Fair,481635.80029310845
2487,4,2,1965.0,15519.0,2,Urban,Good,697610.117828314
2731,5,1,2009.0,12776.0,0,Suburban,Good,785007.5313705859
4546,5,3,2015.0,2067.0,0,Urban,Good,1028501.8438997963
3227,2,4,2015.0,11788.0,1,Suburban,Fair,770927.7210227008
2368,3,4,1962.0,7660.0,2,Suburban,Good,672661.0483696633
4800,5,3,2005.0,6478.0,2,Urban,Poor,1045281.941832273
3538,1,4,1980.0,10210.0,3,Urban,Good,843071.7030255949
4298,5,1,1983.0,12922.0,3,Rural,Good,967058.8594525675
4713,2,4,1988.0,5521.0,3,Urban,Good,1004026.8209668436
1866,2,2,2016.0,2572.0,1,Suburban,Poor,478202.48357388715
3244,3,3,1957.0,9082.0,1,Urban,Fair,800227.9545540551
4907,5,1,2004.0,7395.0,3,Suburban,Good,1076448.3890159433
4173,1,3,1976.0,17407.0,2,Urban,Fair,856346.6736512185
4769,1,1,2002.0,13094.0,1,Urban,Good,964775.9220990516
3346,4,2,1988.0,2650.0,2,Suburban,Good,753711.8250091681
1553,1,3,2014.0,7741.0,2,Urban,Excellent,523020.85733562807
2882,3,4,1966.0,15281.0,0,Urban,Good,795577.0686627668
3574,3,1,1979.0,8838.0,3,Urban,Good,833366.1790401108
3696,1,3,2002.0,5262.0,0,Urban,Poor,743021.1098743336
4985,1,4,1962.0,19722.0,3,Urban,Good,1083863.5548912415
1575,4,3,1970.0,6996.0,3,Urban,Poor,565482.1294284856
2425,1,3,1968.0,13826.0,2,Rural,Good,603290.6495339874
3869,4,3,2002.0,4827.0,3,Urban,Fair,879144.7214650953
1217,4,1,1968.0,16211.0,2,Suburban,Good,510541.5783621558
914,1,4,2006.0,7232.0,2,Urban,Excellent,502805.7746831723
1416,2,2,1974.0,4217.0,3,Urban,Good,492327.74498875556
4774,2,1,1980.0,16232.0,2,Rural,Excellent,1029288.2453909509
4067,4,1,2004.0,16026.0,2,Urban,Fair,927851.5734640529
1625,1,1,1972.0,15878.0,2,Rural,Good,471889.1366662782
2316,2,2,1981.0,8837.0,1,Urban,Fair,599228.4404639296
3946,1,4,2011.0,9031.0,2,Suburban,Good,884115.3725220307
1212,1,4,2023.0,16806.0,1,Suburban,Excellent,538545.5881914275
1528,1,4,1959.0,5716.0,1,Rural,Good,407710.9263683567
4148,5,3,2021.0,5414.0,2,Suburban,Poor,962189.9805654044
3608,1,3,2003.0,19832.0,2,Suburban,Fair,796023.4218313436
1475,5,3,2001.0,2570.0,1,Urban,Good,507527.30012479954
4265,4,2,1969.0,15288.0,1,Urban,Good,1042758.783035197
3304,2,3,1981.0,2917.0,2,Rural,Excellent,718381.3778156337
3767,2,2,1963.0,12066.0,2,Urban,Poor,856765.5805295861
3586,2,4,1999.0,8982.0,3,Urban,Fair,901258.7117728087
1922,2,3,1977.0,8336.0,1,Suburban,Good,482046.31763664575
4879,2,3,2002.0,18999.0,1,Urban,Good,1114632.3854046713
2371,2,1,1973.0,11941.0,3,Rural,Excellent,634323.3081877781
2943,2,2,1971.0,14380.0,1,Suburban,Poor,746061.9184279912
2487,4,4,1979.0,13667.0,0,Suburban,Excellent,693439.3051500611
4932,1,1,2012.0,6529.0,1,Rural,Fair,954982.6397086384
4651,3,1,1953.0,19519.0,3,Urban,Good,1012562.5670519193
4240,5,4,2008.0,14192.0,0,Urban,Fair,1040603.3344282997
4566,3,1,1957.0,10566.0,2,Suburban,Fair,928149.3689273668
3126,3,2,1961.0,9226.0,3,Urban,Fair,776653.0641930541
3714,1,2,1980.0,7162.0,3,Suburban,Fair,782376.0754991546
4752,1,3,1983.0,18590.0,2,Rural,Fair,915067.9524743981
1395,1,1,1998.0,3319.0,3,Suburban,Excellent,354228.6793116861
1528,2,3,2006.0,3141.0,1,Urban,Good,507202.4660195047
2165,4,1,1975.0,6627.0,2,Rural,Good,560472.9488710596
1498,2,2,1967.0,,3,Suburban,Poor,520651.6285426088
1195,4,2,1987.0,4690.0,2,Suburban,Good,456635.39602469275
4971,4,2,1999.0,9323.0,2,Urban,Fair,1120307.3214815345
3302,3,1,1957.0,5255.0,2,Rural,Fair,689991.1138348491
2619,3,2,1990.0,7213.0,0,Suburban,Good,638506.56817252
1517,4,1,1955.0,6108.0,3,Suburban,Good,508710.891990406
3582,4,3,2018.0,11802.0,0,Suburban,Good,855449.7560935608
4377,2,1,1993.0,13413.0,3,Urban,Good,965902.9070234196
943,2,3,2013.0,16995.0,1,Suburban,Good,429400.59438292496
3940,3,1,1978.0,14583.0,1,Suburban,Excellent,895657.4439442118
3738,1,3,1977.0,7021.0,1,Urban,Fair,782969.4281189448
4436,4,2,,8582.0,3,Suburban,Poor,912627.9012389396
4022,2,3,2014.0,15455.0,2,Rural,Good,959847.0760421793
1967,3,2,1968.0,15117.0,2,Suburban,Good,570122.938901795
3416,2,2,1958.0,19359.0,0,Suburban,Excellent,816403.9267032581
1862,4,3,1976.0,3262.0,0,Suburban,Fair,502525.7589515373
2956,4,1,1983.0,9382.0,1,Suburban,Fair,713721.1841263962
3782,5,1,1993.0,5327.0,0,Urban,Excellent,845203.4459659324
4094,1,4,2017.0,12020.0,3,Urban,Excellent,995910.7047180665
1956,5,1,1964.0,19641.0,3,Suburban,Fair,697689.6855907652
1532,3,4,2000.0,18848.0,0,Suburban,Fair,536853.8228869799
1753,2,1,1962.0,16062.0,0,Suburban,Excellent,573769.0658804396
3339,3,1,1998.0,8774.0,0,Suburban,Fair,725263.6196681292
4124,4,2,2019.0,17160.0,0,Urban,Good,1027073.7336322826
4101,5,4,2005.0,3230.0,1,Suburban,Good,1007454.9695828797
2342,5,1,2000.0,11076.0,1,Urban,Fair,662668.8496487462
1991,5,4,1986.0,5805.0,0,Suburban,Fair,553067.0175731605
3793,3,2,1966.0,,3,Suburban,Good,921967.5316230827
3481,4,2,2007.0,7750.0,1,Urban,Poor,829132.5162383235
2017,2,4,1978.0,,3,Urban,Good,682738.7350333292
2340,2,2,1982.0,15232.0,2,Suburban,Fair,615964.648744669
4036,3,3,2009.0,5135.0,3,Suburban,Good,882040.215440179
3186,5,3,2004.0,8953.0,0,Urban,Fair,842475.4454290093
4519,1,2,1959.0,3546.0,2,Rural,Poor,842673.699836681
2188,3,3,1996.0,17457.0,1,Suburban,Excellent,643178.2889744883
2656,3,1,1972.0,19478.0,1,Rural,Poor,675396.2566960868
2165,4,4,1970.0,4411.0,2,Suburban,Fair,624390.0579389951
1299,2,1,1962.0,16113.0,3,Suburban,Fair,449656.0322702931
2480,3,4,1982.0,6145.0,1,Rural,Good,680319.3970272697
1310,3,2,1973.0,4775.0,0,Suburban,Fair,396329.80512958206
2124,5,1,1960.0,15193.0,2,Suburban,Fair,622495.4050553547
1955,5,2,1966.0,14851.0,0,Urban,Good,661564.442639046
2627,1,2,2017.0,15070.0,2,Suburban,Poor,668202.8885099216
3941,4,4,1996.0,5970.0,1,Urban,Excellent,905467.3053692469
4286,1,4,1974.0,16119.0,3,Urban,Excellent,1004008.9811898029
2610,5,4,2022.0,6331.0,2,Urban,Good,759723.306241043
3723,2,1,1970.0,12295.0,2,Urban,Good,863634.8873474878
3014,5,3,1961.0,3942.0,0,Rural,Fair,689846.5503198542
4986,4,4,1986.0,18575.0,1,Urban,Excellent,1164610.2295914218
1513,5,4,1991.0,15404.0,0,Suburban,Poor,546022.4650884285
4402,4,1,1966.0,2861.0,1,Suburban,Excellent,913704.2407625798
4934,4,4,,11275.0,0,Suburban,Excellent,1122078.0328203796
4322,4,1,1977.0,19033.0,2,Urban,Excellent,1001668.9096637588
2043,4,2,1990.0,6134.0,0,Suburban,Good,579143.4933073686
4509,4,4,1996.0,13803.0,3,Suburban,Poor,1003271.6184505298
1881,2,4,1967.0,17408.0,1,Suburban,Fair,545174.72076845
1255,1,2,2020.0,19420.0,1,Suburban,Fair,470804.22865031945
1694,3,2,1962.0,18351.0,2,Rural,Excellent,570069.0349463201
2184,1,2,,6131.0,1,Suburban,Good,597070.8881769779
2758,4,4,1980.0,14057.0,3,Urban,Good,788321.1884846138
3872,2,3,1951.0,13349.0,0,Suburban,Good,844539.9219709835
2796,5,3,1965.0,13486.0,2,Urban,Excellent,774827.7944608723
1304,2,3,1958.0,7457.0,3,Rural,Fair,433252.20044720743
2014,4,4,2022.0,8079.0,1,Urban,Good,673437.8433805985
2331,2,2,1987.0,,1,Urban,Fair,678066.8403307429
4240,2,4,2003.0,14158.0,3,Suburban,Good,1009638.6645452613
1623,4,2,2005.0,17735.0,0,Suburban,Excellent,613167.2000652684
1728,2,4,1994.0,17830.0,0,Urban,Fair,569247.855012339
933,3,4,1983.0,17125.0,2,Suburban,Excellent,521215.0531367018
2905,3,2,1958.0,13905.0,1,Rural,Fair,668944.5961360472
4427,2,3,1957.0,14298.0,3,Urban,Fair,995641.9259971394
2652,5,2,1956.0,4011.0,0,Rural,Excellent,678641.944698874
4975,4,1,1985.0,5373.0,2,Urban,Poor,1009722.5366903574
3733,3,1,1967.0,12335.0,1,Suburban,Good,784265.1866051937
4084,5,2,1952.0,12692.0,1,Suburban,Excellent,990061.6190066127
3611,2,4,1977.0,16527.0,2,Urban,Fair,888241.2187046962
2050,5,1,2019.0,14773.0,2,Suburban,Good,654280.2978828199
4312,1,1,1993.0,3289.0,0,Urban,Fair,849031.2004431101
2056,3,4,1970.0,3447.0,3,Suburban,Fair,580880.8391875009
4176,2,4,1977.0,16139.0,1,Suburban,Poor,963153.5377865842
4286,4,3,2003.0,15757.0,3,Suburban,Good,958291.5930458492
4384,2,4,2003.0,7462.0,1,Urban,Good,952494.2710045971
2196,4,2,,9657.0,1,Urban,Fair,690656.6354643607
4437,2,2,1970.0,6920.0,3,Urban,Excellent,980045.9521040194
4130,5,3,1962.0,12345.0,2,Urban,Good,1038403.2000494263
3503,5,1,2006.0,10417.0,0,Suburban,Good,796880.7872050961
1270,5,1,1998.0,19160.0,1,Rural,Excellent,570465.9014781546
2153,1,4,2003.0,7208.0,2,Suburban,Good,628856.732703615
3583,4,2,1959.0,2687.0,1,Suburban,Fair,717933.143940135
3631,5,1,2002.0,18913.0,0,Rural,Fair,834349.9313140075
1157,1,3,1993.0,15223.0,1,Suburban,Excellent,475969.1268441775
3819,4,3,1996.0,10080.0,0,Rural,Excellent,825663.3191369779
1467,2,2,2002.0,11486.0,0,Suburban,Good,478241.9302043868
1945,1,3,2023.0,8094.0,1,Urban,Fair,582915.4942233582
4985,3,3,1995.0,9692.0,1,Urban,Excellent,1074982.3082142577
4519,1,2,1962.0,13088.0,0,Suburban,Fair,899553.9946702208
3545,1,4,1986.0,5103.0,2,Urban,Excellent,835746.1084818295
1339,4,4,1973.0,4440.0,3,Urban,Fair,517185.697665837
3579,2,3,1951.0,9124.0,0,Suburban,Good,759814.5392792372
4936,3,4,1963.0,19228.0,1,Suburban,Fair,1085804.419246517
4575,5,4,,16031.0,1,Suburban,Good,1006293.9871542202
3308,5,3,1984.0,16536.0,2,Urban,Fair,874137.6441552455
3579,1,4,1974.0,2446.0,3,Urban,Good,845644.5902155427
1724,4,3,1952.0,5915.0,0,Suburban,Fair,493753.80250476353
3756,4,1,,17787.0,0,Rural,Fair,796515.3633549317
2381,5,2,1961.0,19618.0,3,Suburban,Excellent,775505.4841632614
4124,3,2,2003.0,8587.0,0,Rural,Fair,845937.952817614
1055,2,4,1973.0,2226.0,3,Suburban,Good,446243.418461708
2638,3,4,1978.0,13151.0,1,Suburban,Excellent,739609.9545708582
2744,2,4,1992.0,7558.0,3,Urban,Good,661741.2264774647
809,5,2,1974.0,13971.0,0,Suburban,Excellent,501602.40231277095
3671,2,1,2009.0,2186.0,3,Suburban,Fair,831180.7914743483
1597,4,1,2014.0,16680.0,2,Suburban,Fair,601471.2302050886
1815,1,2,1977.0,16559.0,1,Suburban,Excellent,455379.2682479072
2624,1,1,1965.0,13069.0,1,Suburban,Good,637977.646375167
3936,5,2,1996.0,4535.0,3,Urban,Fair,895072.6256827486
2993,4,1,2007.0,3932.0,0,Suburban,Poor,652582.6873916488
1023,3,3,1976.0,,2,Urban,Good,448291.9648491482
4958,4,3,2002.0,3252.0,1,Suburban,Poor,1009491.5811530084
4725,1,2,1991.0,7509.0,1,Urban,Good,975054.7341283952
4800,1,1,2008.0,7074.0,0,Urban,Good,954067.4056791636
2433,4,4,1996.0,15900.0,0,Suburban,Fair,666825.6367933307
2952,4,1,1983.0,,2,Suburban,Good,752616.9466977109
1310,1,3,1986.0,3881.0,3,Suburban,Good,419766.2433102495
1184,3,3,1955.0,2269.0,0,Urban,Good,377950.5046976666
1204,5,1,1956.0,,3,Suburban,Fair,398600.6606813835
2800,5,1,1974.0,19958.0,2,Urban,Fair,773457.9399034441
3556,4,4,1982.0,,3,Rural,Good,922027.6222592184
2468,5,4,2004.0,18152.0,1,Rural,Good,724893.2876090362
2260,1,1,2007.0,13084.0,3,Suburban,Good,588197.0767574164
4436,1,1,1956.0,3695.0,2,Urban,Good,839436.3957998152
3524,4,1,2006.0,16821.0,2,Suburban,Good,869621.0948498605
4978,4,1,1961.0,5262.0,2,Urban,Fair,1041887.7800383038
2848,4,2,1965.0,3445.0,3,Suburban,Good,765005.4829922578
4946,3,1,1992.0,18436.0,1,Urban,Good,1081641.9813016506
1516,5,4,1956.0,11949.0,0,Rural,Excellent,557344.8122790931
2623,4,3,2000.0,8901.0,1,Urban,Good,714650.8067823937
2881,2,2,2022.0,2719.0,3,Suburban,Poor,663448.0013552697
4219,2,1,1981.0,10597.0,3,Suburban,Good,918210.252731521
2374,1,3,1957.0,8855.0,0,Suburban,Excellent,592428.7400381076
1049,5,2,2021.0,10263.0,3,Urban,Good,532296.5265849776
1473,4,3,1994.0,16520.0,2,Rural,Good,552789.5817574873
2965,2,1,2008.0,13874.0,2,Suburban,Excellent,733395.1566727757
1570,5,1,1953.0,16079.0,2,Suburban,Good,563145.6222276734
4762,1,4,2016.0,19082.0,2,Urban,Good,1015127.816136276
2784,3,1,1978.0,9243.0,2,Suburban,Good,702280.0764905539
1877,5,1,1978.0,11018.0,3,Suburban,Good,679193.1551691616
1035,5,2,1977.0,18732.0,0,Urban,Good,508848.691545108
1188,3,4,1993.0,14100.0,0,Urban,Poor,514415.1143500501
3837,5,2,1953.0,18691.0,2,Suburban,Good,959052.2896073855
2648,1,3,1958.0,6820.0,3,Urban,Good,701706.4581815238
3614,1,1,1954.0,13001.0,1,Urban,Good,779175.3553377946
4174,3,3,2005.0,15907.0,1,Suburban,Good,907035.4823893384
4078,4,2,1999.0,13669.0,3,Suburban,Fair,945561.9585254629
2052,2,1,1964.0,17916.0,2,Urban,Good,616238.8607196328
4781,4,1,,,0,Suburban,Fair,974670.0087597199
2922,5,2,1977.0,4985.0,3,Urban,Excellent,785719.6363134697
2950,2,2,1971.0,,1,Urban,Good,720870.413350532
2129,3,2,1966.0,,1,Urban,Fair,603537.8597631155
2158,3,2,2008.0,2336.0,1,Suburban,Good,586974.2913071975
3282,2,2,2020.0,12165.0,2,Urban,Good,804594.4302149662
2817,1,1,2006.0,14768.0,1,Urban,Good,713918.3650495785
2131,2,2,1975.0,5968.0,3,Suburban,Fair,546439.0745517542
2158,5,1,1974.0,2910.0,3,Suburban,Excellent,647510.7650460596
3977,1,1,1959.0,17632.0,1,Urban,Fair,828386.714935705
2928,3,2,,18279.0,3,Suburban,Excellent,807786.7457644868
2980,2,2,1960.0,5129.0,1,Urban,Fair,621932.8425364831
937,4,4,2002.0,7447.0,1,Suburban,Good,455687.6859162856
4272,4,1,2021.0,8129.0,0,Suburban,Fair,921969.6616338993
3632,5,2,2017.0,7850.0,2,Suburban,Good,849537.953998758
4379,4,2,1977.0,9446.0,2,Urban,Poor,950976.9857094975
3831,2,2,2014.0,13949.0,0,Urban,Excellent,827242.9135026938
4964,2,4,1998.0,10519.0,0,Urban,Excellent,1033152.7767440403
3393,4,4,1996.0,2314.0,2,Urban,Good,803325.7633165829
4618,2,3,2001.0,13737.0,1,Urban,Excellent,1037937.5315231491
4938,5,1,2003.0,3134.0,1,Suburban,Excellent,1050872.2703717814
4623,1,3,2009.0,12938.0,2,Rural,Poor,933958.3330217941
4842,5,2,2006.0,17588.0,1,Rural,Poor,1033762.1985133786
2706,5,4,1996.0,10347.0,0,Rural,Good,712261.9475495376
1560,2,4,1980.0,7592.0,1,Suburban,Poor,511441.37247121485
4245,1,3,1995.0,19270.0,1,Suburban,Good,949984.5954064915
1699,2,4,1975.0,12997.0,3,Urban,Good,585316.6321108391
3747,3,2,1954.0,2721.0,3,Suburban,Fair,829453.9848572378
2519,2,4,2001.0,11104.0,3,Suburban,Fair,740369.251229883
1080,2,3,2003.0,2870.0,1,Suburban,Poor,353477.7264929899
4066,2,2,1982.0,8751.0,2,Suburban,Good,888330.3021063154
2687,1,3,1999.0,,0,Urban,Fair,792651.6882305916
4066,2,4,,3756.0,1,Urban,Excellent,918586.1662315058
1466,1,3,1976.0,3117.0,2,Rural,Excellent,439948.2790849283
4988,4,3,1964.0,13601.0,1,Urban,Excellent,1109532.9818031916
1471,3,1,2010.0,4828.0,0,Suburban,Poor,457495.4455247222
2769,1,4,1970.0,16996.0,1,Rural,Fair,685976.9749964965
4956,4,4,1995.0,15878.0,0,Suburban,Fair,1040946.9937749245
3922,1,3,2018.0,8992.0,1,Suburban,Good,854465.4911513352
4700,1,1,1955.0,15778.0,0,Urban,Good,886305.0640650777
1323,3,4,1987.0,8771.0,1,Urban,Excellent,537525.501501355
3193,5,2,2011.0,18526.0,0,Rural,Good,787999.3421853378
3917,5,3,2011.0,,3,Suburban,Good,943400.3273740645
3393,1,4,2023.0,8622.0,1,Suburban,Fair,721868.5841857692
2768,2,2,1995.0,14852.0,1,Urban,Good,709590.4806862272
2553,4,4,1962.0,16806.0,2,Urban,Excellent,814976.3275156184
3096,2,2,1952.0,12623.0,2,Rural,Excellent,701225.0054566725
3061,2,3,1955.0,3848.0,0,Urban,Excellent,661741.9266774635
3086,1,4,1957.0,4696.0,1,Suburban,Good,700605.9945938695
3678,1,4,1993.0,3717.0,0,Urban,Poor,767189.1302072209
4943,1,1,1982.0,11259.0,3,Suburban,Fair,966168.4369178131
4444,1,3,1999.0,4786.0,2,Rural,Fair,841133.9124061222
2855,5,2,1960.0,16154.0,0,Suburban,Good,816251.9023344009
2076,1,4,1977.0,15409.0,0,Urban,Good,568202.8179243946
3566,5,4,,5791.0,2,Suburban,Excellent,996359.8683568282
1102,5,2,1990.0,5871.0,1,Suburban,Fair,435935.9040774594
1438,1,3,1965.0,3806.0,0,Suburban,Fair,405733.3972865441
855,3,1,2017.0,,2,Rural,Excellent,441946.1074718655
1325,4,1,1997.0,15304.0,1,Suburban,Good,498270.9932043364
4923,2,4,,17549.0,3,Rural,Good,1043150.102897021
2925,5,2,2013.0,5303.0,2,Suburban,Fair,757802.738861309
4087,4,4,2008.0,18061.0,0,Urban,Poor,943031.0091911883
1164,3,2,2011.0,17198.0,3,Urban,Good,555013.2563272801
2446,2,1,1960.0,19888.0,1,Urban,Good,603805.2179484457
1718,2,3,1967.0,12655.0,1,Rural,Excellent,535680.863134253
3597,5,2,1968.0,10924.0,2,Suburban,Excellent,911644.2781779658
2331,1,1,2004.0,11940.0,2,Suburban,Excellent,586114.4267807789
4145,3,4,1975.0,5924.0,2,Urban,Excellent,977232.2780515624
2706,5,2,1955.0,11783.0,1,Urban,Fair,721856.5623187297
3886,3,3,1953.0,6485.0,3,Suburban,Fair,892777.7936607352
2875,1,4,1978.0,14629.0,1,Suburban,Excellent,715738.8085306673
1513,1,4,2008.0,15233.0,0,Urban,Fair,609594.5771116819
1862,5,1,,14901.0,1,Suburban,Excellent,548081.5353702429
2776,1,2,1992.0,2191.0,0,Urban,Good,621469.8859809162
2096,4,4,2015.0,,3,Urban,Good,633527.908681312
925,2,3,1983.0,,2,Suburban,Good,467936.625305493
4396,5,2,1957.0,12160.0,2,Urban,Good,998848.9701855249
4083,3,3,1962.0,15682.0,1,Rural,Good,889709.4476789215
2403,4,4,1957.0,14391.0,2,Urban,Good,742202.1429425564
866,5,3,2014.0,3874.0,3,Urban,Poor,469125.8444101814
1032,1,1,1992.0,11062.0,2,Urban,Excellent,421297.15330795996
2956,1,3,1988.0,6763.0,1,Suburban,Excellent,666515.5824811285
1969,1,2,2008.0,12234.0,3,Suburban,Excellent,603575.4020700029
2958,1,3,1993.0,11221.0,0,Suburban,Fair,690670.0089806843
2293,3,3,1958.0,13410.0,1,Urban,Excellent,703861.3170920518
4807,4,1,1986.0,16519.0,0,Urban,Fair,1087026.8055091957
3272,2,3,2023.0,3051.0,3,Suburban,Good,705341.9328675802
3460,3,3,1985.0,14225.0,1,Suburban,Good,833593.4840794188
3539,3,4,1977.0,11765.0,1,Rural,Good,851927.1350746428
2561,2,4,1991.0,13382.0,3,Urban,Excellent,750824.3272668341
4314,2,2,1992.0,14580.0,2,Suburban,Excellent,893854.8263892019
2775,1,4,1991.0,13989.0,1,Rural,Good,640963.8127545024
3162,3,4,2015.0,13939.0,1,Urban,Good,849352.0954903195
1676,5,4,2004.0,2307.0,0,Suburban,Good,571700.9188465002
4612,2,4,2021.0,5359.0,2,Urban,Excellent,1047270.5909502306
4248,2,1,1997.0,5176.0,0,Rural,Poor,781149.7316935544
2112,4,4,1971.0,3251.0,0,Suburban,Excellent,624351.4970475789
2260,5,1,1976.0,7366.0,2,Rural,Fair,558454.1007631102
3509,5,1,2016.0,19901.0,2,Suburban,Fair,894653.7398093108
3124,2,4,1962.0,8226.0,3,Urban,Good,780326.3659131062
2533,1,3,1994.0,16330.0,2,Rural,Excellent,646974.1993951129
2405,4,1,1959.0,6891.0,1,Urban,Excellent,704450.5089228806
3363,5,3,1958.0,6992.0,2,Urban,Fair,770240.9214951284
4221,2,3,2003.0,3961.0,3,Suburban,Fair,883206.3705096842
4317,5,4,1976.0,14497.0,3,Suburban,Fair,990747.8330702707
3197,4,2,1983.0,12848.0,3,Rural,Poor,818316.0610756882
4535,4,4,1950.0,15255.0,2,Urban,Fair,1047476.9402286125
3670,3,2,1981.0,6567.0,2,Suburban,Excellent,822355.6887388884
1960,2,2,2020.0,18079.0,0,Suburban,Good,594003.5413203888
1042,4,4,2016.0,8513.0,0,Urban,Fair,540702.7212194159
3390,3,4,1969.0,17235.0,1,Urban,Good,838786.7310480991
1863,3,2,1984.0,13755.0,0,Urban,Excellent,555291.5548330833
3395,5,4,1966.0,13151.0,1,Urban,Fair,874735.2058739144
1719,5,2,1967.0,18567.0,3,Rural,Good,611594.2110222346
805,3,3,1994.0,,0,Suburban,Poor,387521.0372016958
1267,5,4,2002.0,11590.0,2,Suburban,Fair,567178.7728261586
4970,4,3,2017.0,12988.0,0,Rural,Excellent,1125061.169522014
803,1,1,2014.0,9678.0,1,Urban,Poor,307295.8752887189
1445,4,3,1950.0,7698.0,0,Suburban,Good,457155.90416064
917,3,3,2007.0,3273.0,3,Suburban,Good,450281.1000183856
3728,3,2,1975.0,13241.0,2,Rural,Good,797736.2349485668
3351,4,3,1969.0,19480.0,1,Urban,Excellent,853852.3608022191
1646,5,4,1959.0,11497.0,2,Rural,Good,627860.3365685581
3562,5,2,2008.0,11107.0,2,Urban,Excellent,873236.7360500714
1941,3,1,1990.0,13273.0,1,Urban,Good,584976.8388866807
2610,2,4,1954.0,10002.0,2,Suburban,Good,674728.9764630579
1523,5,1,2014.0,6247.0,2,Urban,Fair,578959.0992588983
1024,4,3,1966.0,11220.0,0,Suburban,Fair,379635.9082515259
2848,5,4,1971.0,12703.0,2,Suburban,Excellent,826679.2545451875
2373,4,4,1990.0,17472.0,2,Suburban,Good,709598.6882521977
2628,3,1,2017.0,18654.0,2,Urban,Good,767798.3363777736
2717,5,4,2018.0,19570.0,2,Urban,Excellent,845195.7682191943
2826,4,4,,,1,Urban,Fair,811029.1876855734
4544,3,4,2005.0,13956.0,3,Suburban,Fair,994850.8994472123
1701,2,3,,17641.0,0,Urban,Excellent,532495.6088233024
2839,4,1,1970.0,15998.0,2,Urban,Good,740174.522507761
809,2,4,1975.0,8305.0,2,Urban,Excellent,440535.9966829331
1060,2,2,1968.0,14721.0,1,Urban,Fair,467075.6161948693
2473,1,2,2009.0,8995.0,3,Suburban,Excellent,620672.5550830524
3019,5,2,2020.0,14427.0,2,Rural,Poor,735825.6161865777
2860,4,2,1996.0,15782.0,1,Urban,Fair,792727.3371112695
4513,2,3,2020.0,4230.0,0,Suburban,Good,889843.2464611338
2419,1,4,1975.0,8511.0,0,Suburban,Good,605535.4967582492
1120,3,1,1989.0,18512.0,2,Suburban,Poor,463300.46449592966
2142,4,4,1954.0,11461.0,2,Suburban,Good,660132.3860902889
3176,2,3,1970.0,6765.0,3,Suburban,Excellent,745729.553688522
3632,5,2,1953.0,15272.0,3,Suburban,Good,867850.1683997631
3624,1,3,1972.0,7552.0,2,Urban,Fair,800406.8332525687
2794,2,4,1964.0,2627.0,1,Suburban,Fair,615355.1244049064
3758,5,1,1957.0,13989.0,3,Suburban,Fair,834345.9242964247
2838,2,3,1990.0,15780.0,2,Urban,Fair,779433.9996355505
4290,4,1,1968.0,8589.0,3,Urban,Fair,948087.8614413755
4477,4,3,1995.0,4044.0,2,Rural,Poor,975295.0718729602
1918,4,1,1977.0,15171.0,0,Suburban,Excellent,628574.0295365084
2404,1,1,2017.0,7884.0,2,Suburban,Good,563475.6904510551
4827,4,2,1964.0,10185.0,0,Rural,Fair,957866.0772017998
1035,5,1,1986.0,2249.0,3,Suburban,Fair,392026.1523584526
2769,2,2,1950.0,19358.0,2,Suburban,Fair,645591.7120984514
2708,3,4,2016.0,11175.0,3,Suburban,Excellent,764659.0182079005
1175,5,4,1973.0,18260.0,0,Rural,Fair,531495.9862589736
4330,5,2,1976.0,4672.0,2,Suburban,Fair,937107.3813236252
3435,4,2,1989.0,9279.0,3,Suburban,Excellent,812418.1760622369
2370,1,3,2012.0,10662.0,0,Urban,Good,623339.7527436179
3360,2,3,2010.0,3987.0,3,Rural,Excellent,767649.0024397406
4191,1,3,1985.0,18474.0,1,Suburban,Good,875846.6263808747
3765,2,4,1973.0,14948.0,0,Urban,Excellent,925385.1709574583
4443,2,3,1973.0,15026.0,0,Rural,Good,914217.9492122375
4650,1,1,1953.0,4773.0,0,Suburban,Good,829147.1541720383
1672,5,1,2016.0,15159.0,2,Urban,Fair,564179.7921877679
2052,2,3,1983.0,11878.0,2,Suburban,Fair,614709.9183476483
2114,1,1,2006.0,12178.0,2,Suburban,Fair,542565.6090356284
3698,2,4,1998.0,12377.0,1,Rural,Good,869295.5608686924
877,3,1,2002.0,9347.0,1,Urban,Excellent,489449.6643970815
3421,5,4,1972.0,3008.0,0,Suburban,Fair,822863.4481856778
1400,4,2,2018.0,5783.0,1,Suburban,Excellent,509912.04760147526
1865,2,2,2002.0,6298.0,3,Urban,Poor,475304.58641298156
2936,3,2,2011.0,6668.0,0,Rural,Fair,666629.8891360449
3249,4,2,1990.0,4052.0,0,Suburban,Good,813357.2910933564
3143,4,1,2006.0,3716.0,3,Urban,Poor,754968.2976547852
2663,2,3,2009.0,2310.0,0,Suburban,Excellent,598805.5344360255
2118,1,1,2003.0,,1,Rural,Good,533908.6451070965
4397,2,4,2019.0,3260.0,2,Urban,Fair,937838.0017569958
4562,3,1,2006.0,15157.0,3,Urban,Good,993145.3429774061
2990,4,1,1959.0,13460.0,1,Urban,Poor,661381.3809606034
1792,2,4,1989.0,18968.0,3,Urban,Excellent,663204.4768935463
3512,1,2,1956.0,16011.0,3,Suburban,Good,779308.7126092712
2992,2,2,1987.0,4866.0,0,Suburban,Good,727810.7498269975
2048,5,2,2010.0,16365.0,0,Urban,Fair,665056.0046394839
3854,1,3,1952.0,7898.0,1,Urban,Good,840677.3669069518
4833,3,4,2000.0,8251.0,3,Urban,Good,1070632.4156951183
2797,4,4,1996.0,6939.0,0,Rural,Fair,683056.9990952156
4487,2,1,2017.0,6006.0,0,Urban,Excellent,895011.0213491357
2951,1,3,1987.0,3625.0,3,Rural,Fair,606070.0108433613
4818,5,2,1985.0,12956.0,1,Suburban,Good,1090638.4410395806
3910,1,3,1990.0,19274.0,1,Urban,Fair,897153.8590919059
2770,5,4,2018.0,8078.0,3,Rural,Fair,730934.7924635246
997,3,4,1962.0,10923.0,1,Suburban,Good,467750.13724397623
3426,4,1,2007.0,5961.0,0,Suburban,Good,795380.8572952178
2002,3,1,1999.0,10806.0,3,Rural,Fair,606556.8389883263
2835,2,4,1979.0,15558.0,0,Urban,Good,755431.9903165674
1277,1,2,2011.0,8686.0,2,Urban,Poor,416604.772734691
2054,5,2,1974.0,3587.0,2,Suburban,Good,597564.10551253
1722,5,3,1976.0,11803.0,1,Urban,Excellent,656541.9688136413
1219,1,4,2000.0,19280.0,2,Urban,Good,567119.7703428611
3004,1,4,2006.0,12350.0,0,Urban,Poor,684899.0438361636
3397,2,2,1996.0,13454.0,2,Urban,Good,830431.2015847544
1920,3,2,1988.0,17849.0,0,Suburban,Fair,552327.3521750565
3868,5,4,1965.0,8837.0,1,Urban,Fair,897886.0422614168
1750,2,1,1971.0,3449.0,1,Suburban,Good,493620.1887273018
3136,3,4,2003.0,7454.0,0,Suburban,Excellent,809557.4561829569
3043,2,4,1970.0,11424.0,2,Suburban,Fair,716225.4261640733
3445,5,2,2021.0,6117.0,1,Urban,Good,851099.7393687975
2657,1,2,1965.0,10869.0,3,Suburban,Fair,617312.5461463744
2665,1,1,2008.0,12850.0,1,Urban,Good,757751.089698703
3712,3,1,1980.0,16343.0,2,Suburban,Good,869865.7449933608
3653,4,3,1991.0,8845.0,3,Rural,Fair,805490.5522618163
4028,3,4,2023.0,6624.0,2,Suburban,Good,966485.0143866338
4519,4,2,1981.0,10848.0,0,Suburban,Good,1011313.840970499
4028,2,1,2008.0,18549.0,3,Suburban,Good,977695.121315706
3171,2,3,1983.0,15136.0,2,Urban,Good,868469.8104753029
3691,5,3,1958.0,2589.0,3,Rural,Good,849826.4464859839
4556,4,2,1960.0,8509.0,2,Rural,Fair,913449.4476866561
894,5,2,1959.0,9693.0,3,Urban,Good,473986.4969718704
3474,1,3,1966.0,11454.0,2,Suburban,Good,775607.7409518037
2755,4,1,2017.0,18455.0,0,Rural,Fair,684912.3389846293
1593,3,3,1997.0,13708.0,3,Rural,Good,586188.1042186577
2634,1,4,2001.0,14942.0,3,Suburban,Good,718331.6272080793
2916,1,4,1974.0,18652.0,3,Suburban,Poor,774802.6559444861
4906,3,2,1970.0,11968.0,3,Urban,Fair,1059035.4966434296
4125,1,1,2014.0,4462.0,0,Rural,Good,758100.3511063375
3719,4,1,2012.0,11460.0,3,Urban,Fair,832634.6999041315
3397,5,4,2000.0,3015.0,1,Suburban,Excellent,815525.110999448
4005,1,3,1985.0,11275.0,0,Urban,Fair,839823.8089680764
1614,4,2,2015.0,15269.0,1,Urban,Good,607974.8430080363
1145,2,3,1964.0,2406.0,3,Suburban,Good,399330.9901796685
3149,4,3,1988.0,9384.0,2,Rural,Good,787361.954402233
1162,5,3,2019.0,13268.0,1,Urban,Excellent,567309.4441674912
3243,4,1,1950.0,19369.0,3,Suburban,Excellent,849003.7231455183
3065,3,4,1972.0,13795.0,1,Urban,Poor,786252.4504198566
2988,5,1,1988.0,6485.0,3,Urban,Good,829657.9927536215
3805,2,4,2006.0,10901.0,3,Suburban,Good,866997.7722469919
4081,3,2,1983.0,4618.0,3,Suburban,Excellent,970992.5727346411
1784,4,2,1990.0,11603.0,2,Urban,Excellent,610784.5044178119
2439,5,3,2022.0,8928.0,1,Urban,Fair,674288.2932891757
1627,2,4,1962.0,7368.0,0,Urban,Good,513382.55028720386
3530,3,4,2019.0,6621.0,0,Urban,Good,947309.1744591042
4331,2,4,1955.0,,0,Rural,Good,945601.1570505587
3735,4,3,,13126.0,0,Rural,Fair,857468.9231032379
4676,2,3,1952.0,9566.0,3,Urban,Excellent,1042085.6058492456
926,1,2,2012.0,14306.0,1,Suburban,Excellent,411342.19606493076
3977,3,1,1998.0,17086.0,1,Rural,Good,883761.3312909758
3856,2,4,1996.0,19387.0,2,Urban,Good,951410.0690095137
1403,4,4,2004.0,11890.0,1,Suburban,Good,614172.0024593323
4249,4,1,2013.0,10095.0,1,Rural,Fair,884064.3685024005
4946,2,4,2014.0,14719.0,1,Urban,Fair,1059146.7036626777
4333,4,3,2016.0,12283.0,2,Urban,Fair,967421.0180789264
4167,5,3,1964.0,16231.0,0,Rural,Good,945405.4346062684
4168,5,4,1981.0,16698.0,1,Suburban,Excellent,1035978.555005565
4597,5,3,2017.0,19457.0,2,Urban,Good,1082287.3543557844
2592,1,3,1967.0,7184.0,2,Urban,Poor,644814.9081218173
3661,2,4,1992.0,4402.0,3,Suburban,Good,842155.3857138457
4276,1,2,1984.0,6895.0,2,Suburban,Fair,886278.3727965129
4217,4,1,,13404.0,0,Suburban,Excellent,992441.0435370571
2445,1,3,1982.0,17161.0,1,Rural,Good,629383.3788084284
2005,4,2,1963.0,11343.0,2,Urban,Excellent,615874.0534760371
3830,4,3,1983.0,12637.0,0,Suburban,Good,867266.3525836606
3672,3,3,2010.0,3956.0,2,Suburban,Poor,871443.8298923727
3872,5,1,1953.0,9023.0,2,Suburban,Poor,860379.6817936768
2654,4,3,2008.0,16062.0,2,Urban,Good,837794.6133865317
4821,3,1,1978.0,16333.0,2,Rural,Good,1011773.1445546169
3508,5,1,1955.0,5907.0,2,Rural,Poor,778847.0691153534
4302,4,1,1998.0,2807.0,0,Suburban,Fair,899496.7084871448
2132,4,2,1989.0,16031.0,1,Suburban,Excellent,635760.8355677173
1001,1,4,2014.0,6827.0,1,Urban,Good,448493.5225033758
4307,1,2,2018.0,15699.0,1,Suburban,Good,894435.0329591382
1374,5,4,1976.0,6524.0,1,Suburban,Good,526172.6295636761
1336,4,4,1955.0,17193.0,0,Suburban,Good,561070.0890836915
2425,2,1,1962.0,18223.0,3,Rural,Good,598104.9832840264
2922,1,3,2013.0,7313.0,3,Suburban,Good,731145.1197358301
1185,5,1,2011.0,15598.0,0,Urban,Excellent,509288.9304360249
4081,4,3,1968.0,15058.0,0,Suburban,Good,968739.5947188471
1274,4,4,1992.0,19141.0,2,Urban,Fair,560871.8845368396
1217,2,1,2023.0,6887.0,2,Urban,Fair,410671.4772734365
4400,5,3,1969.0,5854.0,2,Urban,Good,953709.3225202676
1754,4,2,2017.0,14458.0,1,Suburban,Poor,564509.3850148702
2005,1,3,1993.0,16536.0,2,Suburban,Poor,525701.645791296
4920,2,1,1972.0,5558.0,3,Suburban,Good,958338.0258267501
2790,5,2,1951.0,11772.0,1,Suburban,Excellent,783844.6107599924
4372,2,3,1971.0,19345.0,2,Suburban,Fair,955363.652007805
4958,1,3,2006.0,5575.0,1,Urban,Fair,952249.4415228008
3513,5,3,2021.0,4418.0,3,Suburban,Poor,859327.8994970643
3003,2,3,1956.0,6198.0,2,Urban,Fair,706576.8732762472
3920,3,3,2005.0,3001.0,3,Urban,Fair,937203.2988775715
1766,1,2,2016.0,9119.0,3,Suburban,Good,560216.6305562122
4232,1,4,1965.0,11673.0,3,Urban,Excellent,972832.9438151853
1488,1,2,2000.0,7316.0,2,Urban,Good,514931.9964507864
4501,3,2,2021.0,18244.0,0,Suburban,Good,1000838.5679545981
1141,3,2,1961.0,18806.0,2,Suburban,Fair,471417.604572814
2524,4,4,2002.0,13873.0,3,Suburban,Good,806733.2091029469
2592,2,1,1954.0,6266.0,2,Rural,Fair,511062.62919551256
2559,4,4,1976.0,9549.0,3,Suburban,Good,756633.3653942281
4012,2,2,1961.0,12589.0,0,Rural,Good,819921.2557293667
1789,3,3,1966.0,3657.0,1,Urban,Excellent,553890.3173623994
3062,3,3,1955.0,8763.0,0,Suburban,Good,707028.1219891886
3282,4,2,1954.0,5164.0,0,Rural,Fair,697730.2206169256
1751,5,3,2006.0,10479.0,1,Suburban,Fair,589739.11600486
1522,4,2,1977.0,,2,Suburban,Poor,491043.928398191
4189,2,3,2018.0,19831.0,1,Urban,Good,968425.2676465005
2879,4,4,2008.0,8009.0,2,Urban,Good,736735.086426472
3517,1,1,1982.0,18991.0,2,Suburban,Good,784790.8876694499
3132,2,1,2011.0,6552.0,3,Urban,Good,735691.1456121708
4176,2,4,1999.0,11417.0,3,Rural,Fair,905521.9321650052
2300,5,4,1968.0,11221.0,1,Urban,Fair,751997.5765404451
1085,3,2,2018.0,4671.0,0,Rural,Fair,354626.3141945974
4295,2,2,2015.0,8519.0,1,Rural,Good,851633.0743875849
2865,3,2,1996.0,,2,Urban,Fair,684125.1172609071
1568,4,3,1988.0,14734.0,3,Urban,Excellent,640470.3430280634
3857,1,2,2017.0,15122.0,1,Rural,Fair,828319.0637938882
2961,5,4,1982.0,5722.0,1,Rural,Good,763610.3563920863
4093,3,1,1962.0,6906.0,3,Suburban,Good,897311.239947028
1746,2,3,2003.0,9263.0,3,Urban,Good,611791.9176283593
4135,3,2,1956.0,15699.0,3,Suburban,Poor,906378.4908758049
4950,2,3,1963.0,13088.0,2,Suburban,Excellent,1114034.2055122363
2281,3,3,1968.0,2808.0,3,Urban,Good,622546.9443652371
2701,2,2,2003.0,11170.0,0,Suburban,Fair,653780.2172902273
4251,4,3,1969.0,18260.0,1,Urban,Good,1045324.8121531807
4864,2,1,1978.0,19109.0,3,Urban,Excellent,1094137.750839633
854,2,4,1973.0,12693.0,3,Urban,Good,398839.5976793178
2623,1,4,2012.0,9701.0,2,Urban,Good,706124.0749089055
4262,2,1,2023.0,19600.0,2,Urban,Poor,987658.9426825946
3879,1,3,2006.0,16191.0,1,Suburban,Fair,818500.8916141132
1632,5,2,1957.0,19356.0,0,Urban,Good,630600.7838538697
3606,1,3,2011.0,15704.0,1,Urban,Poor,849624.6182004036
3290,4,1,1978.0,4123.0,3,Urban,Good,821632.6145155412
1127,1,3,2023.0,13533.0,0,Rural,Excellent,420457.06032984075
4110,5,4,1966.0,18608.0,0,Suburban,Good,1020416.8024676774
4100,4,3,2015.0,,0,Suburban,Good,972528.247422025
4475,3,1,1955.0,16586.0,0,Suburban,Excellent,1017661.5091215686
3854,3,4,2007.0,3814.0,1,Rural,Poor,902251.4981343998
2943,1,3,2018.0,15001.0,2,Urban,Fair,794604.9131715766
2111,1,3,1977.0,19490.0,2,Suburban,Good,640015.5603432467
3991,5,4,2011.0,18508.0,3,Suburban,Good,1094320.1198818542
3338,5,2,1990.0,15380.0,2,Suburban,Fair,858704.3412500395
4783,2,4,2018.0,17406.0,2,Urban,Poor,1044241.6285943215
964,5,2,1990.0,4931.0,2,Suburban,Fair,431076.80079145276
1622,2,1,1998.0,15567.0,2,Urban,Good,575985.16558885
1743,4,1,1998.0,16038.0,3,Suburban,Fair,608418.6246686019
1574,1,4,2020.0,14317.0,1,Suburban,Good,511927.0533057702
2998,4,4,1952.0,4971.0,0,Urban,Good,715749.0314062098
3956,5,1,1959.0,4017.0,2,Suburban,Excellent,875745.7046137046
4495,4,2,1984.0,4415.0,1,Urban,Excellent,1002361.3084036857
4252,4,1,1951.0,3609.0,2,Suburban,Good,904221.8764963975
1714,4,4,1973.0,2717.0,2,Suburban,Good,559424.1537231443
2108,5,1,2023.0,14662.0,0,Urban,Excellent,668977.1379944705
4977,4,4,1987.0,8782.0,0,Urban,Fair,1114068.288290579
1313,2,4,1971.0,3048.0,0,Rural,Excellent,393528.2581447088
2720,5,1,1975.0,13618.0,2,Urban,Good,795660.2223456128
4394,4,2,1992.0,10307.0,2,Urban,Good,1016799.6985035109
2209,5,3,2004.0,9905.0,2,Urban,Poor,724284.9691161518
3990,3,1,1988.0,11993.0,0,Suburban,Good,852132.0012123125
2355,2,3,1978.0,12338.0,3,Suburban,Excellent,672660.3740573239
1604,4,1,1969.0,7578.0,1,Urban,Good,527641.2767184313
2079,3,3,1990.0,15834.0,3,Urban,Fair,644728.0671819545
4377,3,2,2003.0,8548.0,2,Urban,Poor,955547.753604853
3701,5,2,1969.0,9381.0,2,Urban,Good,941927.6836821362
2187,3,1,1968.0,4941.0,3,Suburban,Good,540849.9845849609
3561,2,4,2015.0,7695.0,2,Suburban,Poor,798408.6487536673
3479,2,3,1979.0,8401.0,1,Urban,Excellent,803382.6404388123
2906,1,4,2002.0,17179.0,2,Urban,Fair,757962.4521359185
3568,2,4,1983.0,16456.0,1,Urban,Good,872914.2119306339
4753,3,4,1971.0,15097.0,3,Rural,Excellent,1075104.4375332212
3986,2,2,2016.0,8197.0,3,Rural,Good,855896.6930876413
4080,5,1,1955.0,7450.0,2,Suburban,Good,908836.498301579
3373,1,1,1976.0,,1,Urban,Fair,788588.44136536
3399,3,2,1959.0,19396.0,2,Urban,Poor,841692.1218361744
4833,1,2,2022.0,10378.0,0,Urban,Good,1016939.3918437278
1036,3,1,1997.0,3881.0,0,Urban,Fair,382635.29853601765
2104,5,4,2019.0,8799.0,0,Suburban,Excellent,736486.0518822499
4230,1,3,2008.0,16597.0,0,Suburban,Good,1000733.5954015638
2101,4,3,2008.0,15675.0,2,Rural,Excellent,691711.9292430121
3341,3,3,1951.0,6586.0,0,Suburban,Poor,739419.7349112718
2851,4,4,1978.0,10430.0,1,Urban,Fair,775537.4692795173
1241,1,1,2017.0,4345.0,3,Suburban,Fair,366344.0074234907
2876,4,2,2014.0,18459.0,3,Urban,Fair,814098.1640239625
3980,4,1,1975.0,11548.0,0,Urban,Fair,853300.2617915417
3457,1,4,1959.0,7877.0,0,Suburban,Poor,750734.3075172099
4598,5,2,2002.0,8785.0,0,Urban,Fair,980834.2207606856
1604,4,4,2008.0,17833.0,2,Suburban,Poor,601421.6766392331
874,4,3,1971.0,6922.0,3,Urban,Good,408050.8728343084
2975,5,3,2000.0,6686.0,0,Suburban,Excellent,747482.62930157
4724,4,4,1997.0,16407.0,1,Suburban,Good,1087781.2140880814
2889,4,2,1970.0,14205.0,0,Urban,Excellent,751309.6176504471
840,4,2,1971.0,15179.0,3,Suburban,Good,497308.2195135673
2881,2,1,1979.0,18524.0,0,Urban,Good,698653.3273476006
2422,5,3,1974.0,2016.0,3,Suburban,Fair,666977.6350385732
1141,4,1,1977.0,15374.0,0,Suburban,Excellent,466663.73113084724
4852,5,1,2014.0,18848.0,1,Suburban,Excellent,1123604.0932510057
2874,3,4,1994.0,7956.0,0,Rural,Good,649836.3801271458
1445,3,4,2017.0,18473.0,1,Urban,Poor,572019.5107311133
1409,4,1,1956.0,6815.0,1,Suburban,Good,441038.60144136794
1254,5,3,1998.0,4843.0,0,Suburban,Good,520811.9772592694
3753,5,4,1958.0,17972.0,1,Rural,Fair,903677.8739336261
2508,5,1,1985.0,19353.0,2,Urban,Fair,701487.7183615356
4272,2,1,1950.0,3094.0,0,Suburban,Good,818174.5779013736
3769,3,1,1959.0,8124.0,0,Suburban,Good,775300.4647183149
3828,5,1,1985.0,,1,Urban,Good,895227.7158160562
3481,5,1,2022.0,5982.0,1,Suburban,Poor,844205.7244296181
4429,2,1,1995.0,14515.0,0,Urban,Excellent,924175.6456046756
3867,2,4,1981.0,17790.0,2,Suburban,Good,942301.0892314444
2186,5,3,1981.0,14205.0,1,Rural,Excellent,647726.1179222687
4576,1,1,1955.0,,1,Suburban,Good,913052.4968184205
3666,5,2,1997.0,,3,Suburban,Fair,852827.6268718287
4163,5,4,1987.0,15971.0,2,Suburban,Good,1070303.184906664
4924,2,4,1966.0,16616.0,2,Urban,Excellent,1072564.5081890735
948,2,1,2023.0,6933.0,0,Urban,Good,426407.49167929904
4650,5,4,1976.0,6926.0,2,Suburban,Excellent,1022984.8677549114
2858,5,1,2003.0,5969.0,0,Urban,Excellent,715827.192454778
1936,5,3,,4965.0,3,Urban,Fair,628578.9034525746
986,2,3,1984.0,6319.0,2,Suburban,Fair,395146.88472969166
3654,5,4,1974.0,10975.0,1,Urban,Poor,813005.4504459224
2050,5,4,1977.0,,3,Urban,Fair,704327.888681265
2133,4,2,1964.0,11141.0,0,Suburban,Fair,521481.57626707444
4993,1,4,1953.0,18428.0,3,Urban,Excellent,1101211.8769166009
4950,3,2,2022.0,3810.0,0,Rural,Fair,990378.4635481591
3511,1,3,1976.0,12273.0,3,Rural,Fair,825290.5190006604
2585,4,3,1975.0,11021.0,0,Suburban,Fair,662463.5040893427
1550,3,1,1968.0,8364.0,2,Urban,Good,468331.5274914874
2562,5,3,1966.0,4581.0,1,Suburban,Good,721921.4467730387
4720,4,2,1992.0,2691.0,0,Suburban,Fair,971409.6965036079
1281,5,4,1990.0,2931.0,3,Suburban,Fair,495135.2313126457
953,2,1,1991.0,15128.0,0,Urban,Poor,388617.8762537238
